序号,时间(s),电压,阻抗
1,0.120,1.301370,7052.291016
2,0.246,1.300744,7050.618164
3,0.373,1.300919,7050.285156
4,0.498,1.301470,7052.678223
5,0.624,1.301370,7049.875977
6,0.750,1.301244,7051.039063
7,0.876,1.300669,7048.565918
8,1.001,1.301144,7053.681641
9,1.128,1.301244,7047.303711
10,1.254,1.301169,7052.671875
11,1.380,1.299743,7051.170410
12,1.506,1.301169,7051.814453
13,1.632,1.301370,7054.717285
14,1.758,1.301194,7048.631348
15,1.884,1.301720,7051.214355
16,2.010,1.302671,7051.534668
17,2.136,1.302346,7051.264648
18,2.262,1.301094,7053.994629
19,2.388,1.301194,7052.741211
20,2.514,1.300944,7051.005859
21,2.639,1.300894,7051.920410
22,2.767,1.300744,7048.145508
23,2.892,1.300569,7053.066895
24,3.018,1.300669,7053.454102
25,3.144,1.300819,7054.267090
26,3.270,1.300969,7055.257324
27,3.395,1.300869,7053.314941
28,3.522,1.299943,7056.332031
29,3.648,1.300794,7053.951172
30,3.773,1.300619,7062.938477
31,3.900,1.300969,7144.370605
32,4.027,1.301345,7204.830566
33,4.152,1.300218,7233.078613
34,4.278,1.301570,7231.867188
35,4.404,1.301970,7227.644531
36,4.529,1.301295,7239.763672
37,4.656,1.301495,7242.119629
38,4.781,1.301670,7232.961426
39,4.908,1.301470,7223.855469
40,5.034,1.300844,7260.170898
41,5.160,1.301395,7260.807617
42,5.285,1.301495,7254.143066
43,5.412,1.301495,7254.465820
44,5.538,1.301395,7254.925293
45,5.664,1.301470,7257.878418
46,5.790,1.301420,7239.359863
47,5.916,1.301194,7262.615723
48,6.042,1.301820,7249.686035
49,6.168,1.301920,7254.758301
50,6.293,1.300269,7268.254395
51,6.420,1.301244,7256.430664
52,6.546,1.301720,7293.646973
53,6.671,1.301495,7258.948242
54,6.798,1.301169,7271.176270
55,6.923,1.301445,7261.763672
56,7.050,1.301645,7270.102051
57,7.176,1.301870,7278.728516
58,7.302,1.301670,7243.097168
59,7.428,1.301270,7279.684570
60,7.553,1.301495,7266.218750
61,7.681,1.301720,7248.165527
62,7.805,1.301745,7260.074707
63,7.931,1.301194,7088.680176
64,8.057,1.301194,7066.832031
65,8.183,1.301545,7062.520020
66,8.310,1.301720,7055.565430
67,8.436,1.301395,7054.135254
68,8.561,1.300394,7058.341309
69,8.687,1.301169,7056.368652
70,8.813,1.301445,7056.798828
71,8.940,1.300469,7056.546387
72,9.066,1.300819,7058.852051
73,9.192,1.300819,7054.833008
74,9.317,1.300819,7055.682617
75,9.443,1.301144,7054.035645
76,9.570,1.301044,7057.614746
77,9.696,1.300344,7057.194824
78,9.821,1.301194,7055.073730
79,9.947,1.301295,7056.201660
80,10.074,1.300969,7057.819336
81,10.199,1.301069,7055.671875
82,10.326,1.301520,7058.709961
83,10.452,1.301570,7053.286621
84,10.577,1.301570,7056.014648
85,10.704,1.300794,7055.888672
86,10.830,1.301420,7051.522461
87,10.955,1.300819,7052.468262
88,11.081,1.301270,7054.905762
89,11.208,1.300594,7056.102539
90,11.334,1.301169,7057.974609
91,11.459,1.300594,7057.529785
92,11.585,1.301870,7056.706055
93,11.712,1.301144,7057.673340
94,11.837,1.301295,7054.664551
95,11.964,1.301219,7057.136230
96,12.089,1.301169,7060.202148
97,12.215,1.300844,7059.936523
98,12.341,1.301620,7055.868164
99,12.467,1.301795,7055.028320
100,12.593,1.301295,7055.759277
101,12.719,1.301244,7053.344238
102,12.845,1.300444,7057.420898
103,12.971,1.300519,7059.080078
104,13.097,1.301119,7058.139648
105,13.223,1.301995,7055.680664
106,13.349,1.301194,7054.386719
107,13.475,1.301194,7056.522461
108,13.601,1.301119,7056.638672
109,13.728,1.301470,7055.218262
110,13.853,1.301119,7056.279785
111,13.979,1.301295,7054.225098
112,14.105,1.301495,7053.652344
113,14.231,1.301395,7053.187500
114,14.357,1.300769,7054.541992
115,14.483,1.300969,7057.372070
116,14.609,1.300944,7052.295898
117,14.735,1.301945,7059.253418
118,14.861,1.301320,7060.204102
119,14.988,1.301169,7056.887695
120,15.113,1.301194,7055.913086
121,15.239,1.300769,7057.221191
122,15.365,1.301795,7055.839844
123,15.491,1.300369,7055.911621
124,15.617,1.300994,7055.476074
125,15.743,1.301169,7054.977051
126,15.869,1.301420,7056.513184
127,15.995,1.300894,7055.161621
128,16.121,1.300794,7055.413574
129,16.248,1.301019,7054.749512
130,16.373,1.302020,7056.876465
131,16.499,1.301370,7056.488770
132,16.625,1.301144,7055.424805
133,16.751,1.301094,7056.253906
134,16.878,1.300419,7056.578613
135,17.003,1.301545,7058.867676
136,17.129,1.300469,7058.453125
137,17.255,1.301194,7063.450684
138,17.381,1.301244,7086.103516
139,17.508,1.301670,7118.996582
140,17.634,1.301169,7143.070313
141,17.759,1.301320,7142.643066
142,17.885,1.301645,7140.377441
143,18.011,1.301395,7148.037109
144,18.137,1.300619,7168.159180
145,18.263,1.300469,7168.728027
146,18.389,1.301194,7161.910156
147,18.515,1.301520,7160.653320
148,18.641,1.301295,7166.955078
149,18.767,1.301345,7168.324707
150,18.893,1.300894,7168.510254
151,19.019,1.301295,7167.739258
152,19.144,1.300944,7176.785645
153,19.271,1.301194,7185.841309
154,19.397,1.301219,7190.444824
155,19.523,1.301495,7179.605469
156,19.649,1.301520,7175.967285
157,19.775,1.301219,7179.343262
158,19.901,1.300719,7184.567383
159,20.027,1.301520,7180.942871
160,20.153,1.301645,7173.148926
161,20.279,1.301370,7187.087402
162,20.404,1.301244,7183.274414
163,20.532,1.301270,7191.925781
164,20.657,1.300719,7183.403320
165,20.783,1.301169,7206.027344
166,20.909,1.301069,7174.836914
167,21.034,1.300744,7178.617676
168,21.161,1.300869,7183.750977
169,21.287,1.301695,7191.915527
170,21.413,1.301219,7194.556152
171,21.539,1.300218,7177.524902
172,21.664,1.301244,7177.288086
173,21.791,1.301795,7187.834961
174,21.916,1.300269,7188.270996
175,22.043,1.300944,7194.366699
176,22.168,1.301069,7184.255371
177,22.295,1.301570,7189.862305
178,22.421,1.301295,7178.936523
179,22.547,1.300269,7188.265137
180,22.673,1.301044,7175.900391
181,22.799,1.301520,7181.323730
182,22.925,1.301345,7188.266602
183,23.051,1.301244,7185.760742
184,23.177,1.300694,7191.569824
185,23.303,1.301370,7198.218750
186,23.428,1.300494,7195.333008
187,23.555,1.301295,7184.845215
188,23.681,1.300894,7192.727051
189,23.807,1.301870,7184.739746
190,23.933,1.301620,7183.963379
191,24.059,1.301445,7133.412109
192,24.185,1.301420,7078.241699
193,24.311,1.300844,7058.761230
194,24.436,1.301295,7054.509277
195,24.563,1.301395,7052.754395
196,24.688,1.300794,7051.983887
197,24.815,1.299843,7059.134766
198,24.940,1.300569,7054.094727
199,25.066,1.301320,7053.234863
200,25.192,1.301119,7052.484375
201,25.318,1.300944,7051.721191
202,25.445,1.300519,7047.984375
203,25.571,1.301470,7051.745605
204,25.697,1.300469,7051.926270
205,25.823,1.300694,7052.189941
206,25.948,1.301295,7049.192871
207,26.075,1.301320,7054.139648
208,26.201,1.300719,7049.522949
209,26.326,1.301044,7049.718262
210,26.452,1.300819,7048.103516
211,26.578,1.301445,7048.061035
212,26.705,1.301270,7049.637207
213,26.830,1.301445,7055.584473
214,26.957,1.301119,7051.092773
215,27.083,1.301570,7050.005371
216,27.208,1.301244,7048.139160
217,27.334,1.301970,7048.318359
218,27.460,1.301094,7046.976074
219,27.586,1.301094,7050.783691
220,27.712,1.300844,7050.318359
221,27.839,1.301219,7051.508789
222,27.965,1.301219,7050.027832
223,28.091,1.300919,7049.910156
224,28.216,1.301244,7053.076172
225,28.342,1.301795,7050.314453
226,28.469,1.301395,7048.890625
227,28.594,1.301169,7051.667480
228,28.720,1.300994,7048.293945
229,28.846,1.301395,7048.799316
230,28.972,1.301470,7051.075684
231,29.098,1.300844,7051.807617
232,29.224,1.301044,7048.392578
233,29.350,1.300694,7054.701660
234,29.476,1.301270,7051.537598
235,29.602,1.301044,7049.485352
236,29.728,1.301019,7051.618652
237,29.854,1.301270,7053.168457
238,29.980,1.300794,7054.441895
239,30.106,1.301295,7051.381836
240,30.232,1.300744,7050.417969
241,30.358,1.301069,7050.862793
242,30.484,1.300819,7051.024902
243,30.610,1.301119,7052.008789
244,30.736,1.300994,7052.039063
245,30.862,1.301019,7053.282715
246,30.988,1.301570,7050.730957
247,31.114,1.301395,7050.725586
248,31.241,1.301395,7049.933105
249,31.366,1.301069,7050.003906
250,31.492,1.300994,7052.944824
251,31.618,1.301720,7048.525391
252,31.744,1.301094,7048.272949
253,31.870,1.300919,7049.384277
254,31.996,1.300694,7051.824707
255,32.123,1.301445,7054.492188
256,32.248,1.301570,7052.397461
257,32.374,1.301695,7051.619141
258,32.500,1.300894,7051.500000
259,32.626,1.301395,7057.127441
260,32.752,1.301370,7058.105469
261,32.878,1.301119,7061.739746
262,33.004,1.300919,7065.128418
263,33.130,1.301194,7058.645508
264,33.256,1.301645,7118.947266
265,33.383,1.301019,7130.629883
266,33.508,1.300193,7158.427734
267,33.634,1.300569,7152.404785
268,33.760,1.300844,7166.390625
269,33.886,1.301520,7162.128418
270,34.012,1.301019,7179.719727
271,34.138,1.301270,7179.969238
272,34.264,1.300619,7139.895996
273,34.390,1.301470,7066.199219
274,34.516,1.300669,7066.240234
275,34.642,1.300944,7055.630371
276,34.768,1.301820,7053.155762
277,34.894,1.301520,7054.821289
278,35.020,1.300969,7055.532227
279,35.146,1.301019,7062.060059
280,35.272,1.300744,7048.201660
281,35.398,1.300794,7052.505371
282,35.524,1.300544,7050.082031
283,35.650,1.301720,7053.190918
284,35.776,1.301019,7051.061523
285,35.902,1.301595,7051.185547
286,36.028,1.301620,7051.464355
287,36.154,1.301144,7052.246582
288,36.280,1.300319,7055.515137
289,36.406,1.301970,7057.278809
290,36.532,1.300394,7051.802734
291,36.658,1.300369,7054.538086
292,36.784,1.301219,7052.239258
293,36.910,1.301945,7053.649414
294,37.036,1.301270,7051.127441
295,37.162,1.301069,7048.238281
296,37.288,1.301169,7049.541016
297,37.414,1.300669,7051.487793
298,37.540,1.301645,7050.397949
299,37.666,1.301270,7051.456543
300,37.792,1.301194,7057.794434
301,37.918,1.301244,7053.369629
302,38.044,1.301645,7053.056641
303,38.169,1.300994,7052.305664
304,38.297,1.300794,7054.751953
305,38.422,1.300118,7051.507813
306,38.547,1.301169,7052.992676
307,38.673,1.301069,7053.053223
308,38.800,1.300794,7055.058105
309,38.926,1.300619,7052.522949
310,39.052,1.301895,7055.045410
311,39.178,1.301395,7056.818848
312,39.303,1.301420,7063.096191
313,39.430,1.301270,7066.158203
314,39.555,1.301395,7062.811035
315,39.682,1.301295,7060.425781
316,39.807,1.300369,7057.108887
317,39.933,1.300844,7057.481934
318,40.060,1.301270,7055.743652
319,40.185,1.301545,7055.427734
320,40.311,1.300143,7055.597656
321,40.438,1.300919,7053.808105
322,40.563,1.301219,7052.531250
323,40.690,1.301445,7053.489746
324,40.815,1.300719,7051.227051
325,40.941,1.300994,7055.636719
326,41.067,1.300869,7051.829102
327,41.193,1.301295,7053.498047
328,41.320,1.301219,7055.994629
329,41.445,1.301545,7052.979980
330,41.571,1.300669,7046.620605
331,41.698,1.301044,7052.062012
332,41.823,1.301845,7052.321777
333,41.949,1.301270,7049.070313
334,42.075,1.301069,7053.261230
335,42.201,1.301019,7055.644043
336,42.327,1.301670,7052.346191
337,42.453,1.300944,7052.161621
338,42.581,1.300819,7052.458496
339,42.705,1.301119,7051.697754
340,42.832,1.301395,7054.902344
341,42.957,1.300869,7053.278809
342,43.084,1.301219,7052.374023
343,43.209,1.301320,7051.883789
344,43.335,1.301194,7052.212402
345,43.461,1.301545,7052.958496
346,43.587,1.300569,7052.691895
347,43.713,1.300994,7053.807129
348,43.839,1.300269,7053.654785
349,43.965,1.301420,7052.088379
350,44.091,1.300569,7057.610840
351,44.217,1.300694,7061.242188
352,44.343,1.301069,7061.634766
353,44.469,1.301370,7068.738770
354,44.595,1.301570,7063.050781
355,44.721,1.301019,7063.592773
356,44.847,1.301019,7070.117676
357,44.973,1.300844,7072.462891
358,45.099,1.300769,7071.204102
359,45.225,1.301470,7074.857910
360,45.351,1.300869,7097.739258
361,45.477,1.300694,7131.155762
362,45.604,1.301169,7152.958496
363,45.729,1.301295,7160.505371
364,45.855,1.301144,7182.988281
365,45.981,1.301320,7217.267578
366,46.107,1.300419,7205.266113
367,46.233,1.301144,7206.472168
368,46.360,1.300068,7201.638672
369,46.485,1.301420,7196.151855
370,46.611,1.301370,7206.073242
371,46.737,1.300744,7209.162109
372,46.863,1.300919,7193.047852
373,46.989,1.300769,7213.441406
374,47.115,1.301495,7205.743652
375,47.241,1.301370,7208.578613
376,47.369,1.300344,7215.687500
377,47.493,1.301169,7205.328613
378,47.619,1.301194,7199.021973
379,47.745,1.301094,7215.913574
380,47.872,1.301320,7221.711914
381,47.998,1.301320,7205.254883
382,48.123,1.300494,7137.425293
383,48.249,1.301820,7072.116211
384,48.375,1.300744,7057.779297
385,48.501,1.300744,7053.109863
386,48.627,1.301370,7051.596680
387,48.753,1.300844,7053.867188
388,48.879,1.299868,7048.193848
389,49.005,1.300944,7048.482910
390,49.131,1.300919,7052.769531
391,49.258,1.301119,7051.751465
392,49.383,1.300294,7051.160645
393,49.509,1.301069,7048.309082
394,49.635,1.301270,7049.041992
395,49.761,1.300494,7050.452148
396,49.887,1.301395,7050.823242
397,50.013,1.301044,7049.255859
398,50.139,1.301470,7053.623047
399,50.265,1.300544,7053.394043
400,50.391,1.301295,7050.401367
401,50.518,1.301395,7051.890137
402,50.643,1.300319,7051.759766
403,50.769,1.301545,7055.087402
404,50.894,1.300844,7051.264648
405,51.021,1.300669,7050.948730
406,51.147,1.301119,7050.827637
407,51.273,1.300018,7053.868652
408,51.399,1.299843,7049.728027
409,51.525,1.300394,7052.924316
410,51.651,1.301345,7052.770020
411,51.777,1.301370,7050.288574
412,51.902,1.300344,7046.062012
413,52.029,1.301144,7047.882324
414,52.154,1.300369,7052.009277
415,52.281,1.301019,7049.747559
416,52.406,1.301194,7050.696777
417,52.533,1.301044,7051.787109
418,52.659,1.300744,7052.458984
419,52.785,1.301169,7048.968262
420,52.910,1.300644,7051.028320
421,53.037,1.300744,7052.840820
422,53.163,1.300944,7052.648926
423,53.289,1.301244,7050.051758
424,53.414,1.300919,7054.590820
425,53.541,1.301044,7050.330566
426,53.667,1.300994,7053.290527
427,53.793,1.300544,7057.326660
428,53.919,1.300544,7052.973633
429,54.044,1.300494,7051.806152
430,54.170,1.301094,7051.390137
431,54.296,1.300894,7051.593750
432,54.423,1.300869,7055.347656
433,54.549,1.300794,7051.334473
434,54.674,1.300844,7052.979004
435,54.801,1.300869,7049.853027
436,54.926,1.300243,7058.685547
437,55.053,1.300769,7058.624512
438,55.179,1.300369,7078.604004
439,55.305,1.301069,7106.509766
440,55.431,1.300444,7114.749512
441,55.556,1.300644,7107.772949
442,55.682,1.301320,7117.194824
443,55.808,1.300569,7122.636230
444,55.934,1.301069,7122.579102
445,56.060,1.301019,7122.374512
446,56.186,1.300644,7114.512207
447,56.313,1.300218,7128.331543
448,56.438,1.300669,7121.211914
449,56.565,1.301044,7127.992188
450,56.691,1.301144,7117.918457
451,56.816,1.300794,7123.138672
452,56.942,1.300694,7127.938965
453,57.068,1.301094,7123.868652
454,57.194,1.301119,7123.733887
455,57.321,1.300569,7078.015625
456,57.446,1.299818,7058.218262
457,57.572,1.300544,7055.763184
458,57.698,1.300644,7051.492188
459,57.824,1.301244,7048.244629
460,57.951,1.301119,7052.416504
461,58.077,1.300869,7050.851074
462,58.202,1.301295,7050.479492
463,58.328,1.301169,7049.840332
464,58.454,1.300218,7048.836914
465,58.580,1.301044,7045.939453
466,58.707,1.301695,7049.223633
467,58.833,1.301169,7048.810059
468,58.958,1.300218,7051.106934
469,59.084,1.300218,7045.655762
470,59.211,1.301019,7046.424805
471,59.337,1.301219,7048.835938
472,59.462,1.301044,7049.306641
473,59.588,1.301219,7047.562988
474,59.714,1.300519,7051.735352
475,59.840,1.300344,7047.465332
476,59.967,1.300744,7051.179199
477,60.092,1.300969,7051.868164
478,60.218,1.300344,7049.915527
479,60.344,1.299818,7051.583984
480,60.470,1.300644,7053.130371
481,60.596,1.300118,7050.325195
482,60.722,1.301520,7053.604980
483,60.848,1.300694,7050.070313
484,60.974,1.300844,7053.049316
485,61.100,1.300894,7048.369141
486,61.226,1.300569,7049.827148
487,61.352,1.300519,7053.083984
488,61.479,1.301019,7054.270996
489,61.604,1.301144,7049.386719
490,61.730,1.300719,7052.791016
491,61.856,1.300118,7051.130859
492,61.982,1.344462,7055.952148
493,62.108,1.301144,7056.168457
494,62.234,1.301445,7074.245117
495,62.360,1.301169,7086.093750
496,62.486,1.300444,7089.946777
497,62.612,1.300594,7096.554688
498,62.739,1.300544,7085.645996
499,62.864,1.300169,7087.297852
500,62.990,1.299843,7089.442871
501,63.116,1.300419,7090.487305
502,63.242,1.300644,7097.926270
503,63.368,1.300394,7088.505371
504,63.494,1.300544,7086.914551
505,63.620,1.301295,7090.021484
506,63.746,1.300018,7092.274902
507,63.872,1.299968,7087.456543
508,63.998,1.301219,7085.424805
509,64.124,1.301270,7086.936035
510,64.250,1.300519,7086.807617
511,64.376,1.300494,7087.200195
512,64.502,1.300844,7088.248535
513,64.628,1.301370,7098.864258
514,64.754,1.300394,7089.933594
515,64.880,1.344812,7091.335449
516,65.006,1.300193,7094.282715
517,65.132,1.301119,7087.860352
518,65.258,1.299893,7083.433105
519,65.384,1.300569,7082.775391
520,65.510,1.300544,7083.815918
521,65.636,1.301920,7078.207520
522,65.763,1.300494,7076.812012
523,65.888,1.299693,7080.474609
524,66.014,1.300694,7086.056641
525,66.140,1.343911,7077.554199
526,66.266,1.300544,7066.494629
527,66.393,1.300319,7077.450195
528,66.518,1.300594,7056.816895
529,66.644,1.300994,7058.138672
530,66.770,1.300619,7055.181152
531,66.895,1.300469,7054.902832
532,67.022,1.300694,7051.962402
533,67.147,1.300919,7051.801758
534,67.274,1.300744,7051.495605
535,67.400,1.301094,7051.040527
536,67.526,1.300944,7050.119141
537,67.652,1.301520,7049.290527
538,67.778,1.301395,7051.675781
539,67.903,1.300694,7052.531250
540,68.030,1.300819,7051.362793
541,68.156,1.300994,7052.250488
542,68.282,1.301019,7051.995605
543,68.408,1.300469,7051.571289
544,68.534,1.300294,7050.060059
545,68.660,1.300694,7051.626465
546,68.785,1.300969,7049.302246
547,68.912,1.300544,7051.163574
548,69.037,1.300669,7049.284668
549,69.165,1.300218,7052.457520
550,69.290,1.300043,7051.865234
551,69.416,1.300994,7045.833984
552,69.541,1.299368,7051.000000
553,69.668,1.300243,7050.916504
554,69.794,1.300919,7047.017090
555,69.920,1.300669,7046.346680
556,70.047,1.300519,7047.379883
557,70.172,1.300619,7052.898438
558,70.298,1.301420,7058.160645
559,70.424,1.300669,7063.173828
560,70.550,1.300169,7060.583496
561,70.676,1.300294,7066.369141
562,70.802,1.301295,7061.631348
563,70.928,1.300068,7061.502930
564,71.054,1.301194,7053.511230
565,71.180,1.300919,7062.388184
566,71.306,1.300994,7063.466797
567,71.432,1.300544,7057.249023
568,71.557,1.301069,7059.097168
569,71.684,1.300619,7055.466797
570,71.810,1.301219,7045.625000
571,71.935,1.300519,7064.542480
572,72.062,1.301169,7058.373047
573,72.188,1.300694,7063.491699
574,72.314,1.300969,7064.969727
575,72.440,1.300994,7063.247559
576,72.566,1.300769,7062.958984
577,72.692,1.300969,7063.588867
578,72.817,1.299868,7058.974121
579,72.943,1.300519,7058.210938
580,73.070,1.300494,7044.408691
581,73.195,1.300769,7063.378906
582,73.322,1.300068,7061.393066
583,73.447,1.300669,7063.121582
584,73.573,1.300319,7063.126953
585,73.700,1.299868,7064.985352
586,73.826,1.300644,7053.675293
587,73.951,1.300719,7050.475586
588,74.078,1.300894,7051.676270
589,74.205,1.300444,7048.541504
590,74.330,1.300744,7051.661133
591,74.455,1.300694,7050.702637
592,74.582,1.300068,7046.313965
593,74.708,1.300619,7046.133301
594,74.833,1.300719,7047.391113
595,74.960,1.299993,7045.460938
596,75.085,1.301069,7046.950684
597,75.211,1.300669,7047.331543
598,75.337,1.299943,7048.059082
599,75.464,1.301169,7048.188477
600,75.589,1.299993,7043.421875
601,75.715,1.300894,7045.239258
602,75.842,1.300419,7046.940430
603,75.967,1.300193,7047.356934
604,76.093,1.300594,7046.758301
605,76.220,1.301019,7050.962891
606,76.345,1.300569,7046.026367
607,76.471,1.300919,7047.045898
608,76.598,1.300494,7047.299805
609,76.723,1.300519,7044.971680
610,76.849,1.299793,7041.207031
611,76.976,1.300719,7046.149902
612,77.101,1.300594,7048.528320
613,77.228,1.300619,7045.795898
614,77.353,1.300719,7046.577148
615,77.479,1.300694,7053.290527
616,77.605,1.301270,7044.742676
617,77.731,1.300794,7048.810059
618,77.857,1.300594,7049.515137
619,77.984,1.300344,7047.447266
620,78.110,1.300844,7051.059570
621,78.236,1.300994,7050.754395
622,78.361,1.300844,7048.809570
623,78.487,1.300994,7048.265625
624,78.613,1.301069,7048.748535
625,78.739,1.300619,7050.740234
626,78.865,1.300369,7048.141113
627,78.991,1.300944,7049.256348
628,79.117,1.300844,7048.554199
629,79.243,1.301019,7045.744141
630,79.370,1.299643,7046.419922
631,79.495,1.300669,7049.677734
632,79.621,1.300719,7046.110840
633,79.747,1.299993,7046.731934
634,79.874,1.299593,7050.510742
635,79.999,1.300869,7042.785156
636,80.125,1.300093,7045.343262
637,80.251,1.300769,7045.539063
638,80.377,1.300594,7048.424316
639,80.503,1.299868,7045.646484
640,80.629,1.300519,7043.010254
641,80.755,1.300819,7047.784180
642,80.881,1.299993,7049.340820
643,81.007,1.300519,7049.176758
644,81.133,1.300519,7050.840820
645,81.259,1.301244,7045.784180
646,81.385,1.299943,7049.138672
647,81.511,1.300394,7050.342285
648,81.637,1.300093,7048.083496
649,81.763,1.301144,7048.762207
650,81.889,1.300018,7049.280762
651,82.015,1.299843,7045.521973
652,82.141,1.300894,7049.488281
653,82.267,1.300944,7049.229492
654,82.393,1.300569,7048.786133
655,82.519,1.300594,7045.987305
656,82.645,1.300694,7053.947754
657,82.771,1.300894,7054.860840
658,82.897,1.300844,7050.032715
659,83.023,1.300294,7048.863770
660,83.149,1.300319,7051.208496
661,83.275,1.300819,7055.420898
662,83.401,1.301345,7045.021973
663,83.527,1.300118,7046.185547
664,83.653,1.300819,7051.310547
665,83.778,1.300118,7049.495605
666,83.905,1.299743,7049.510254
667,84.031,1.301044,7048.962402
668,84.157,1.300619,7048.475098
669,84.283,1.300494,7049.228516
670,84.409,1.301144,7047.433105
671,84.535,1.300919,7049.444336
672,84.661,1.300269,7049.286133
673,84.786,1.299818,7051.187988
674,84.913,1.300944,7048.529785
675,85.039,1.300919,7050.272461
676,85.165,1.300719,7049.150391
677,85.291,1.300719,7051.060059
678,85.417,1.300118,7049.359863
679,85.543,1.300769,7049.332520
680,85.669,1.300969,7049.358398
681,85.795,1.299968,7047.154785
682,85.921,1.301069,7045.556152
683,86.047,1.300344,7043.940430
684,86.173,1.300594,7048.943848
685,86.298,1.300319,7046.939453
686,86.425,1.300118,7052.250488
687,86.551,1.300919,7048.739746
688,86.677,1.300819,7053.493164
689,86.803,1.300369,7048.370117
690,86.929,1.300218,7049.023926
691,87.054,1.301169,7048.601563
692,87.181,1.300093,7047.178223
693,87.307,1.300369,7046.363770
694,87.433,1.300544,7052.355469
695,87.559,1.301320,7049.047852
696,87.685,1.301069,7049.023926
697,87.810,1.300569,7049.645020
698,87.937,1.300143,7050.892090
699,88.063,1.300844,7045.957520
700,88.189,1.300494,7050.134766
701,88.316,1.300294,7051.025391
702,88.441,1.299968,7051.992188
703,88.566,1.300444,7046.037109
704,88.693,1.300169,7050.473145
705,88.819,1.300319,7048.216309
706,88.945,1.300594,7049.120117
707,89.070,1.300193,7050.007813
708,89.196,1.300894,7052.380859
709,89.322,1.300494,7044.694336
710,89.449,1.300594,7042.869629
711,89.575,1.299818,7046.318848
712,89.700,1.301019,7046.239258
713,89.827,1.300744,7049.606445
714,89.953,1.300519,7052.739258
715,90.079,1.300093,7048.016113
716,90.205,1.300994,7051.471191
717,90.330,1.300469,7061.258301
718,90.457,1.300994,7071.986328
719,90.583,1.300294,7059.731445
720,90.709,1.299918,7086.111328
721,90.835,1.300769,7191.448730
722,90.960,1.301019,7199.736328
723,91.086,1.300744,7223.555176
724,91.212,1.300319,7219.422852
725,91.338,1.300944,7235.576172
726,91.465,1.300444,7227.669922
727,91.591,1.300719,7208.394531
728,91.716,1.299718,7226.442871
729,91.842,1.300469,7236.316406
730,91.969,1.300719,7229.729004
731,92.094,1.300544,7232.416504
732,92.220,1.300544,7243.256836
733,92.346,1.300494,7234.576172
734,92.473,1.300519,7235.097656
735,92.599,1.300619,7233.648926
736,92.724,1.300869,7247.108398
737,92.850,1.300544,7204.947754
738,92.976,1.300894,7246.245117
739,93.102,1.300719,7234.854004
740,93.229,1.300644,7240.916992
741,93.354,1.300769,7245.769531
742,93.480,1.300769,7240.395020
743,93.607,1.300494,7170.461914
744,93.732,1.300494,7076.372070
745,93.859,1.300644,7058.154785
746,93.984,1.300794,7055.239258
747,94.110,1.300093,7057.143555
748,94.236,1.300794,7049.557129
749,94.363,1.299893,7050.388184
750,94.489,1.301244,7051.596680
751,94.614,1.300619,7050.291992
752,94.740,1.300594,7052.639160
753,94.866,1.300869,7054.564941
754,94.992,1.300569,7048.944336
755,95.118,1.300744,7050.532715
756,95.244,1.300494,7050.630371
757,95.370,1.299843,7049.461426
758,95.497,1.300819,7049.778320
759,95.622,1.300043,7046.990234
760,95.748,1.300919,7048.736328
761,95.874,1.300569,7047.590332
762,96.000,1.300469,7049.406738
763,96.126,1.301244,7047.053223
764,96.252,1.300344,7049.995117
765,96.378,1.300819,7050.686523
766,96.504,1.301019,7049.855469
767,96.630,1.301144,7050.605957
768,96.756,1.300494,7048.966309
769,96.882,1.300369,7052.693359
770,97.008,1.300769,7048.366211
771,97.134,1.300844,7048.323242
772,97.260,1.299818,7047.426270
773,97.386,1.300294,7048.627930
774,97.512,1.300669,7047.277832
775,97.638,1.300744,7049.699707
776,97.764,1.300394,7050.779785
777,97.890,1.299793,7048.106934
778,98.016,1.300794,7050.707031
779,98.142,1.300169,7047.871582
780,98.268,1.300369,7048.107422
781,98.394,1.300193,7049.525879
782,98.520,1.300669,7051.017090
783,98.646,1.301019,7047.242676
784,98.772,1.299868,7048.629883
785,98.898,1.300369,7048.579102
786,99.024,1.300744,7046.521484
787,99.150,1.300819,7048.743652
788,99.276,1.300243,7042.744141
789,99.402,1.299643,7048.573730
790,99.528,1.299368,7047.561523
791,99.654,1.299743,7048.132813
792,99.780,1.300819,7052.343750
793,99.905,1.300469,7043.809082
794,100.033,1.300143,7045.609863
795,100.157,1.300919,7049.928711
796,100.284,1.300794,7050.421387
797,100.409,1.300469,7049.559570
798,100.535,1.300519,7048.189941
799,100.661,1.300494,7052.355469
800,100.788,1.299493,7047.979492
801,100.913,1.300394,7050.625488
802,101.039,1.300294,7049.981445
803,101.165,1.300369,7058.786133
804,101.293,1.300894,7073.641113
805,101.418,1.300394,7077.343262
806,101.543,1.301119,7076.803711
807,101.669,1.300769,7078.312500
808,101.796,1.299943,7075.477539
809,101.922,1.300569,7077.327637
810,102.048,1.300669,7082.246094
811,102.174,1.299668,7076.763672
812,102.299,1.300744,7079.476563
813,102.426,1.300394,7084.514648
814,102.551,1.300218,7086.915039
815,102.678,1.300644,7074.886230
816,102.804,1.299668,7076.071289
817,102.929,1.300619,7075.280762
818,103.056,1.299418,7080.060059
819,103.182,1.299893,7073.223145
820,103.308,1.300819,7074.207031
821,103.434,1.300694,7072.658691
822,103.560,1.299868,7075.721191
823,103.686,1.300644,7075.597168
824,103.812,1.300544,7078.749023
825,103.937,1.300819,7077.979492
826,104.064,1.300669,7048.953125
827,104.189,1.300694,7049.839844
828,104.316,1.299768,7050.342285
829,104.441,1.300719,7047.196777
830,104.567,1.300469,7046.292480
831,104.693,1.299768,7047.150879
832,104.819,1.300619,7047.769531
833,104.946,1.300719,7046.941895
834,105.071,1.300844,7046.028809
835,105.197,1.299743,7049.196777
836,105.324,1.300193,7049.549316
837,105.449,1.300769,7048.639648
838,105.577,1.300394,7050.937500
839,105.701,1.299918,7047.900391
840,105.827,1.301094,7048.687012
841,105.954,1.300794,7046.680176
842,106.079,1.300569,7045.790039
843,106.205,1.300218,7045.992676
844,106.331,1.300143,7048.576660
845,106.457,1.300619,7047.561035
846,106.583,1.300519,7047.155273
847,106.709,1.300494,7043.255371
848,106.835,1.300569,7048.550781
849,106.961,1.300569,7046.547852
850,107.087,1.300594,7047.457031
851,107.214,1.300093,7047.815918
852,107.339,1.300519,7044.789551
853,107.465,1.300569,7051.497559
854,107.592,1.300494,7048.789063
855,107.717,1.299718,7049.356934
856,107.843,1.300494,7051.097168
857,107.970,1.300694,7050.194824
858,108.095,1.300769,7049.048828
859,108.221,1.300093,7052.385254
860,108.347,1.300043,7054.769043
861,108.473,1.300994,7054.351563
862,108.599,1.300394,7065.965332
863,108.725,1.300619,7070.545410
864,108.851,1.300369,7062.452148
865,108.977,1.300569,7071.853516
866,109.103,1.301069,7072.437500
867,109.230,1.300919,7071.290039
868,109.355,1.300193,7068.731445
869,109.481,1.300344,7086.007324
870,109.607,1.301370,7083.999023
871,109.733,1.300719,7083.571289
872,109.859,1.299968,7089.717773
873,109.985,1.300469,7100.714844
874,110.111,1.300969,7110.093750
875,110.237,1.300469,7102.861816
876,110.363,1.299668,7091.488770
877,110.489,1.300294,7085.839355
878,110.615,1.300944,7081.863281
879,110.741,1.299993,7095.366211
880,110.867,1.300143,7074.303223
881,110.993,1.300494,7085.831055
882,111.119,1.300969,7082.080078
883,111.245,1.300694,7080.757324
884,111.371,1.300669,7060.761230
885,111.497,1.300594,7052.103516
886,111.623,1.299993,7049.305176
887,111.749,1.300944,7048.857910
888,111.875,1.300694,7045.147461
889,112.001,1.300243,7046.885254
890,112.127,1.300694,7047.385742
891,112.253,1.301019,7050.813477
892,112.379,1.300243,7046.900391
893,112.505,1.299493,7047.038574
894,112.631,1.300294,7047.637207
895,112.757,1.300719,7051.857910
896,112.883,1.300494,7042.604004
897,113.009,1.300419,7046.671875
898,113.135,1.300394,7045.348633
899,113.261,1.300669,7045.378906
900,113.386,1.300669,7048.094727
901,113.514,1.300519,7048.689453
902,113.639,1.299743,7046.875488
903,113.765,1.299493,7043.863770
904,113.891,1.300444,7046.517578
905,114.017,1.300669,7047.167480
906,114.143,1.300093,7043.738770
907,114.269,1.300269,7044.031250
908,114.396,1.300969,7043.663574
909,114.520,1.300193,7042.727051
910,114.647,1.300969,7046.129883
911,114.773,1.300419,7042.499023
912,114.899,1.300569,7042.892090
913,115.025,1.300694,7040.849121
914,115.151,1.300469,7047.457520
915,115.277,1.300143,7047.635742
916,115.403,1.300569,7044.257813
917,115.529,1.300193,7046.568848
918,115.655,1.300719,7047.760742
919,115.780,1.300644,7048.992188
920,115.907,1.300068,7044.676270
921,116.033,1.300769,7047.398438
922,116.159,1.299843,7051.420410
923,116.285,1.300669,7045.629883
924,116.410,1.299893,7048.213379
925,116.537,1.300043,7045.355469
926,116.663,1.300218,7046.699219
927,116.788,1.299268,7049.107910
928,116.915,1.299793,7039.472168
929,117.041,1.300544,7043.864258
930,117.167,1.300569,7045.839844
931,117.293,1.300269,7044.359863
932,117.418,1.300193,7042.387207
933,117.544,1.300269,7047.088867
934,117.670,1.301069,7050.428223
935,117.797,1.300619,7044.335938
936,117.923,1.299893,7044.726074
937,118.048,1.300819,7046.622070
938,118.174,1.300569,7045.198242
939,118.300,1.300369,7043.308594
940,118.428,1.300419,7047.936523
941,118.552,1.300193,7045.480469
942,118.678,1.300844,7047.455566
943,118.805,1.300469,7045.479492
944,118.931,1.300594,7045.250977
945,119.056,1.300344,7049.661133
946,119.183,1.300744,7043.786133
947,119.308,1.300819,7046.853516
948,119.434,1.300569,7045.806641
949,119.561,1.300344,7054.098633
950,119.686,1.300118,7056.553223
951,119.812,1.299868,7047.044922
952,119.938,1.300544,7052.671387
953,120.064,1.299843,7065.587891
954,120.191,1.300994,7076.708008
955,120.316,1.300844,7096.725098
956,120.443,1.300394,7096.846680
957,120.568,1.300118,7093.702148
958,120.694,1.300544,7093.264648
959,120.821,1.301470,7088.588867
960,120.946,1.300744,7092.205566
961,121.073,1.300619,7093.895996
962,121.198,1.299718,7106.621582
963,121.324,1.300919,7104.369629
964,121.452,1.300969,7105.617676
965,121.576,1.300243,7093.522461
966,121.702,1.300444,7121.152832
967,121.828,1.300544,7109.108398
968,121.954,1.300844,7107.008301
969,122.080,1.300719,7124.541992
970,122.206,1.300469,7098.493164
971,122.332,1.300594,7116.149414
972,122.458,1.300844,7111.573242
973,122.584,1.300969,7114.120605
974,122.710,1.300143,7113.246094
975,122.836,1.300544,7109.678711
976,122.962,1.300644,7127.057617
977,123.088,1.299918,7113.888184
978,123.214,1.300419,7115.385254
979,123.340,1.300143,7120.882324
980,123.466,1.300419,7113.337402
981,123.592,1.301019,7114.684082
982,123.718,1.301320,7059.520020
983,123.844,1.300444,7048.740234
984,123.970,1.299693,7047.165527
985,124.097,1.300669,7044.563965
986,124.222,1.300944,7042.832520
987,124.348,1.300118,7047.065918
988,124.474,1.300769,7045.864746
989,124.600,1.300644,7044.596680
990,124.726,1.299843,7045.051758
991,124.852,1.300719,7044.988770
992,124.978,1.300819,7046.953613
993,125.104,1.299618,7045.477051
994,125.230,1.300869,7044.910645
995,125.356,1.300494,7044.675293
996,125.482,1.300294,7044.328125
997,125.608,1.300394,7045.080566
998,125.734,1.301069,7044.203613
999,125.860,1.300944,7045.838379
1000,125.986,1.299943,7046.421875
1001,126.112,1.300068,7051.281250
1002,126.238,1.300694,7047.120605
1003,126.364,1.300644,7045.680664
1004,126.490,1.300669,7045.814941
1005,126.616,1.300419,7044.700684
1006,126.742,1.300669,7043.976074
1007,126.868,1.300819,7047.801270
1008,126.994,1.300994,7046.180664
1009,127.120,1.300594,7046.492676
1010,127.246,1.301144,7046.791016
1011,127.372,1.300594,7044.759277
1012,127.498,1.300444,7040.029297
1013,127.624,1.300894,7045.339844
1014,127.750,1.299593,7045.660156
1015,127.876,1.300819,7042.569824
1016,128.002,1.300469,7042.339355
1017,128.128,1.300544,7044.068359
1018,128.254,1.299818,7045.769043
1019,128.380,1.300819,7045.014648
1020,128.506,1.300669,7043.210449
1021,128.632,1.300068,7044.879883
1022,128.759,1.300494,7049.211914
1023,128.884,1.300369,7046.303223
1024,129.010,1.300419,7045.950684
1025,129.136,1.300644,7043.572266
1026,129.262,1.300243,7045.601074
1027,129.388,1.299968,7043.778320
1028,129.514,1.300919,7041.478027
1029,129.640,1.300769,7043.870117
1030,129.766,1.299893,7042.078613
1031,129.892,1.299718,7042.964355
1032,130.018,1.301345,7047.131836
1033,130.144,1.300569,7044.515137
1034,130.270,1.300544,7044.460449
1035,130.396,1.299593,7043.367676
1036,130.522,1.301019,7043.406250
1037,130.649,1.300944,7051.595703
1038,130.774,1.300469,7045.793457
1039,130.900,1.299568,7046.383789
1040,131.026,1.300744,7043.919434
1041,131.152,1.300093,7042.005859
1042,131.279,1.300894,7042.162109
1043,131.404,1.300419,7044.950684
1044,131.530,1.300419,7045.242188
1045,131.656,1.300894,7046.622070
1046,131.782,1.300844,7043.948242
1047,131.908,1.300319,7049.301270
1048,132.034,1.300419,7044.254883
1049,132.159,1.299943,7042.983398
1050,132.285,1.300294,7046.463867
1051,132.412,1.300419,7043.032227
1052,132.538,1.300719,7044.346680
1053,132.664,1.300869,7043.759766
1054,132.790,1.300719,7042.047852
1055,132.915,1.300819,7043.826660
1056,133.041,1.300394,7042.979004
1057,133.167,1.300769,7045.395508
1058,133.293,1.300669,7045.239746
1059,133.420,1.301019,7040.961426
1060,133.545,1.299443,7048.666016
1061,133.671,1.300469,7046.128906
1062,133.797,1.300869,7048.122559
1063,133.923,1.299843,7045.604980
1064,134.050,1.300919,7045.723145
1065,134.175,1.300994,7040.037598
1066,134.302,1.300644,7053.190430
1067,134.427,1.301069,7050.492188
1068,134.553,1.300744,7051.059570
1069,134.679,1.300419,7060.319336
1070,134.805,1.300294,7052.101074
1071,134.934,1.300444,7058.333008
1072,135.057,1.300994,7068.453613
1073,135.184,1.300769,7072.892090
1074,135.309,1.300344,7079.604004
1075,135.436,1.300919,7080.830078
1076,135.562,1.299818,7083.653809
1077,135.687,1.301044,7079.901367
1078,135.813,1.300469,7080.353516
1079,135.939,1.300744,7077.400391
1080,136.065,1.300969,7074.687012
1081,136.192,1.301044,7082.613281
1082,136.318,1.300969,7084.745605
1083,136.444,1.300444,7079.149902
1084,136.569,1.300444,7083.416016
1085,136.695,1.301270,7075.560547
1086,136.822,1.300669,7084.385742
1087,136.948,1.300469,7081.605469
1088,137.074,1.300619,7079.995117
1089,137.199,1.300719,7077.033203
1090,137.327,1.299993,7089.654297
1091,137.452,1.300744,7080.317383
1092,137.577,1.300994,7083.229492
1093,137.704,1.300694,7088.079590
1094,137.829,1.301244,7086.963379
1095,137.955,1.300944,7078.450684
1096,138.082,1.300669,7047.212891
1097,138.208,1.299568,7042.581055
1098,138.333,1.301169,7045.722656
1099,138.459,1.300519,7039.018066
1100,138.586,1.300694,7039.713379
1101,138.711,1.300419,7040.021484
1102,138.837,1.300469,7039.816406
1103,138.963,1.299718,7030.407715
1104,139.089,1.300544,7041.889648
1105,139.216,1.300243,7040.596191
1106,139.341,1.300294,7040.749023
1107,139.467,1.301094,7039.746094
1108,139.594,1.301094,7045.782715
1109,139.719,1.300669,7041.809570
1110,139.845,1.300544,7040.358887
1111,139.972,1.300669,7039.660645
1112,140.097,1.300969,7049.172852
1113,140.224,1.300419,7040.892578
1114,140.350,1.300243,7043.136230
1115,140.475,1.300419,7041.787109
1116,140.601,1.300919,7043.329102
1117,140.727,1.300919,7042.645508
1118,140.854,1.300394,7044.105469
1119,140.980,1.300469,7040.804199
1120,141.105,1.300619,7042.147461
1121,141.231,1.300944,7042.000488
1122,141.357,1.301019,7042.698242
1123,141.483,1.300544,7043.168457
1124,141.610,1.300869,7041.220215
1125,141.735,1.300469,7044.233887
1126,141.861,1.301194,7036.811035
1127,141.987,1.300994,7040.291016
1128,142.113,1.300869,7041.970703
1129,142.239,1.300143,7043.037109
1130,142.365,1.300894,7040.884766
1131,142.491,1.301219,7039.260742
1132,142.617,1.300694,7041.371582
1133,142.743,1.300118,7042.154785
1134,142.870,1.300169,7038.860352
1135,142.995,1.300369,7038.940430
1136,143.122,1.299843,7044.617188
1137,143.247,1.300444,7041.939453
1138,143.373,1.299868,7051.823242
1139,143.499,1.300494,7077.300781
1140,143.625,1.300894,7070.645508
1141,143.751,1.300919,7084.153320
1142,143.877,1.300819,7081.213867
1143,144.003,1.300719,7082.854492
1144,144.129,1.301019,7084.495117
1145,144.255,1.301345,7083.725098
1146,144.381,1.300844,7082.117188
1147,144.507,1.299418,7080.254883
1148,144.633,1.301420,7081.473633
1149,144.759,1.300419,7080.870117
1150,144.885,1.300944,7074.995117
1151,145.011,1.300143,7079.497559
1152,145.137,1.300243,7077.078125
1153,145.263,1.300469,7073.183105
1154,145.389,1.301244,7082.978516
1155,145.515,1.300594,7074.526855
1156,145.641,1.300744,7075.243652
1157,145.767,1.300444,7074.272461
1158,145.893,1.301094,7068.087402
1159,146.019,1.301219,7061.393555
1160,146.145,1.300068,7057.672852
1161,146.271,1.300719,7070.613281
1162,146.397,1.300569,7073.583008
1163,146.523,1.300394,7080.666992
1164,146.649,1.300394,7068.192871
1165,146.775,1.300744,7068.443848
1166,146.901,1.300319,7069.198242
1167,147.026,1.300719,7067.242188
1168,147.153,1.300844,7071.820313
1169,147.279,1.300794,7067.729004
1170,147.405,1.299918,7070.349121
1171,147.531,1.301119,7069.733398
1172,147.657,1.300969,7047.169922
1173,147.783,1.301119,7038.059082
1174,147.909,1.299993,7039.949707
1175,148.035,1.300694,7038.158691
1176,148.162,1.300769,7042.658203
1177,148.287,1.301019,7035.815918
1178,148.413,1.300243,7042.341797
1179,148.539,1.300469,7037.766113
1180,148.664,1.300844,7037.170898
1181,148.791,1.300594,7040.308105
1182,148.917,1.300544,7037.264160
1183,149.042,1.299918,7044.353516
1184,149.169,1.299893,7041.009766
1185,149.295,1.300369,7040.990234
1186,149.420,1.300569,7036.872559
1187,149.547,1.300994,7039.064453
1188,149.673,1.300769,7040.437012
1189,149.799,1.300594,7038.646484
1190,149.925,1.300794,7037.537109
1191,150.051,1.301144,7041.990234
1192,150.177,1.300169,7041.342773
1193,150.302,1.300594,7040.391602
1194,150.429,1.300669,7043.013672
1195,150.555,1.299718,7039.642578
1196,150.680,1.300544,7038.018555
1197,150.807,1.300644,7037.961426
1198,150.933,1.299693,7041.138184
1199,151.059,1.301094,7036.696289
1200,151.184,1.301219,7042.344238
1201,151.310,1.299918,7037.149414
1202,151.437,1.299768,7038.437500
1203,151.563,1.301219,7037.760742
1204,151.689,1.300944,7038.961426
1205,151.814,1.301044,7038.909668
1206,151.940,1.300419,7038.934570
1207,152.067,1.299893,7037.041504
1208,152.192,1.301169,7038.517090
1209,152.318,1.300444,7037.268555
1210,152.444,1.300744,7035.588379
1211,152.571,1.300769,7041.787109
1212,152.697,1.300944,7038.075684
1213,152.822,1.300569,7036.111816
1214,152.948,1.300294,7039.406738
1215,153.075,1.300669,7037.356934
1216,153.200,1.300169,7039.531738
1217,153.326,1.300619,7038.386719
1218,153.452,1.301570,7038.264160
1219,153.578,1.301244,7041.534180
1220,153.704,1.301320,7042.941895
1221,153.830,1.301445,7036.597168
1222,153.956,1.301745,7038.541992
1223,154.082,1.301395,7041.415039
1224,154.208,1.300969,7040.304199
1225,154.334,1.300894,7039.357910
1226,154.460,1.301169,7038.594238
1227,154.586,1.301244,7036.882324
1228,154.712,1.301770,7037.362305
1229,154.838,1.300669,7043.474609
1230,154.964,1.301370,7042.814453
1231,155.091,1.301345,7045.024902
1232,155.216,1.302095,7053.061035
1233,155.342,1.300594,7072.706543
1234,155.468,1.301770,7180.607422
1235,155.594,1.301745,7203.411621
1236,155.722,1.300719,7217.027344
1237,155.846,1.301595,7213.535645
1238,155.973,1.301695,7256.877441
1239,156.098,1.301520,7225.695313
1240,156.224,1.301219,7229.918457
1241,156.350,1.301645,7237.196777
1242,156.476,1.301019,7241.686523
1243,156.602,1.301520,7245.087402
1244,156.728,1.301295,7224.209961
1245,156.855,1.301144,7220.585449
1246,156.980,1.300444,7222.315430
1247,157.107,1.300944,7232.246094
1248,157.232,1.301295,7208.790527
1249,157.358,1.300469,7224.299316
1250,157.484,1.300218,7228.390137
1251,157.610,1.301545,7232.173340
1252,157.736,1.301595,7195.475098
1253,157.862,1.301445,7236.427734
1254,157.988,1.301320,7225.387207
1255,158.114,1.301420,7226.553711
1256,158.240,1.301169,7206.777832
1257,158.366,1.301945,7205.638184
1258,158.492,1.301119,7224.779785
1259,158.618,1.301370,7220.661133
1260,158.744,1.301370,7235.657227
1261,158.870,1.301795,7243.428711
1262,158.996,1.301144,7199.205566
1263,159.122,1.301720,7219.782715
1264,159.248,1.300994,7185.844727
1265,159.375,1.301845,7150.862305
1266,159.500,1.301169,7077.217773
1267,159.626,1.301720,7056.833496
1268,159.752,1.300669,7047.803711
1269,159.878,1.301670,7048.315918
1270,160.004,1.300294,7045.589355
1271,160.129,1.301370,7045.411133
1272,160.256,1.300869,7047.461914
1273,160.382,1.301545,7049.338867
1274,160.508,1.300919,7046.738281
1275,160.634,1.301345,7046.567383
1276,160.760,1.301169,7047.569824
1277,160.886,1.301670,7044.461914
1278,161.012,1.300594,7046.634277
1279,161.138,1.301320,7045.929688
1280,161.264,1.301194,7044.867188
1281,161.390,1.301795,7043.855957
1282,161.516,1.300344,7045.043457
1283,161.641,1.300294,7044.893066
1284,161.768,1.300494,7044.372070
1285,161.894,1.301445,7044.087891
1286,162.020,1.301295,7042.100586
1287,162.146,1.301244,7047.862305
1288,162.271,1.301019,7046.946777
1289,162.399,1.301119,7045.388672
1290,162.524,1.301119,7045.494141
1291,162.650,1.301920,7050.181641
1292,162.776,1.301370,7045.260742
1293,162.901,1.301295,7044.579102
1294,163.028,1.300969,7045.230469
1295,163.154,1.301495,7047.214844
1296,163.279,1.301019,7049.202148
1297,163.405,1.301495,7044.812988
1298,163.532,1.301345,7047.574219
1299,163.659,1.301495,7047.668945
1300,163.784,1.301420,7048.374023
1301,163.910,1.301520,7046.506348
1302,164.036,1.300469,7049.666016
1303,164.162,1.300944,7048.115234
1304,164.288,1.301470,7046.664063
1305,164.414,1.301595,7047.259277
1306,164.540,1.300519,7050.760254
1307,164.665,1.300869,7047.666992
1308,164.791,1.301219,7045.984863
1309,164.918,1.301845,7047.149902
1310,165.044,1.301420,7042.991699
1311,165.170,1.301194,7043.578125
1312,165.295,1.301395,7043.013672
1313,165.422,1.301395,7045.019043
1314,165.548,1.301820,7045.147461
1315,165.673,1.301370,7045.764160
1316,165.800,1.301370,7041.166504
1317,165.925,1.301144,7045.531250
1318,166.051,1.301169,7047.750488
1319,166.178,1.300794,7043.433105
1320,166.304,1.301295,7045.082031
1321,166.430,1.301445,7044.181641
1322,166.555,1.300819,7047.177734
1323,166.682,1.300819,7044.892578
1324,166.807,1.301069,7047.510742
1325,166.933,1.301770,7050.002930
1326,167.060,1.301620,7050.704590
1327,167.185,1.301194,7064.781250
1328,167.312,1.300869,7054.781250
1329,167.437,1.301870,7062.180664
1330,167.563,1.301870,7066.166992
1331,167.689,1.301094,7069.237793
1332,167.815,1.300519,7093.129883
1333,167.943,1.301595,7094.496094
1334,168.067,1.301395,7102.621582
1335,168.193,1.300644,7104.477539
1336,168.320,1.301395,7127.726563
1337,168.445,1.300944,7105.391113
1338,168.572,1.301495,7111.117676
1339,168.697,1.300769,7112.484375
1340,168.824,1.301720,7111.386719
1341,168.949,1.301420,7107.134277
1342,169.075,1.300644,7110.684570
1343,169.202,1.301194,7110.935547
1344,169.328,1.301920,7113.144043
1345,169.453,1.301720,7114.415039
1346,169.579,1.300819,7109.619629
1347,169.706,1.301094,7103.952637
1348,169.831,1.301820,7109.843262
1349,169.957,1.301720,7109.381836
1350,170.083,1.301845,7107.046875
1351,170.209,1.301295,7100.351563
1352,170.335,1.301270,7115.277832
1353,170.462,1.301270,7111.415527
1354,170.588,1.301420,7106.303711
1355,170.713,1.301420,7109.138184
1356,170.839,1.300819,7107.479492
1357,170.965,1.301320,7104.180176
1358,171.091,1.301645,7106.812500
1359,171.218,1.300719,7108.057129
1360,171.343,1.301470,7108.467285
1361,171.469,1.301094,7105.353027
1362,171.597,1.301645,7107.175781
1363,171.721,1.301370,7111.631836
1364,171.847,1.301970,7114.059570
1365,171.973,1.301620,7110.260742
1366,172.099,1.301620,7112.837402
1367,172.225,1.300794,7119.357910
1368,172.351,1.302020,7111.476563
1369,172.477,1.300944,7107.496582
1370,172.603,1.301144,7095.163086
1371,172.729,1.300243,7063.018555
1372,172.855,1.301520,7055.319824
1373,172.981,1.301495,7052.262207
1374,173.107,1.301219,7046.981934
1375,173.233,1.301495,7050.931152
1376,173.360,1.300944,7051.644043
1377,173.485,1.301295,7044.901855
1378,173.611,1.301870,7042.268555
1379,173.737,1.301845,7041.958008
1380,173.863,1.300319,7042.939941
1381,173.989,1.301520,7043.720703
1382,174.115,1.301795,7040.824219
1383,174.241,1.301795,7043.457031
1384,174.367,1.302195,7041.016602
1385,174.493,1.301670,7039.235352
1386,174.620,1.301194,7047.021973
1387,174.745,1.301720,7043.587402
1388,174.871,1.301845,7044.273438
1389,174.997,1.301420,7042.403809
1390,175.123,1.301370,7041.271973
1391,175.249,1.301270,7039.289551
1392,175.375,1.301820,7047.790039
1393,175.501,1.301670,7045.443848
1394,175.627,1.302045,7043.381836
1395,175.753,1.301845,7043.469238
1396,175.880,1.301119,7040.461426
1397,176.005,1.301345,7037.516113
1398,176.131,1.301795,7043.235840
1399,176.257,1.301495,7044.972168
1400,176.383,1.301320,7044.235840
1401,176.510,1.300969,7041.240723
1402,176.635,1.300419,7046.100098
1403,176.761,1.300794,7042.826660
1404,176.887,1.302095,7046.443848
1405,177.013,1.301595,7049.188965
1406,177.139,1.301445,7049.028809
1407,177.265,1.301720,7049.917480
1408,177.391,1.301395,7051.916016
1409,177.517,1.301770,7052.219727
1410,177.642,1.301470,7051.980957
1411,177.768,1.300944,7053.471191
1412,177.895,1.301119,7054.865723
1413,178.021,1.301169,7054.265625
1414,178.147,1.301244,7048.437500
1415,178.275,1.301620,7051.562988
1416,178.399,1.301295,7051.775879
1417,178.525,1.300919,7046.779785
1418,178.650,1.301870,7055.594727
1419,178.776,1.300769,7050.962402
1420,178.902,1.300944,7056.139160
1421,179.029,1.300344,7060.648926
1422,179.155,1.301720,7075.773926
1423,179.281,1.301420,7058.271484
1424,179.406,1.301069,7054.529297
1425,179.533,1.301945,7053.040039
1426,179.659,1.301144,7054.350586
1427,179.785,1.300319,7056.765137
1428,179.911,1.302170,7058.779297
1429,180.036,1.301545,7053.887695
1430,180.163,1.301670,7050.007324
1431,180.289,1.300894,7050.120605
1432,180.415,1.301870,7042.398926
1433,180.541,1.300669,7045.698242
1434,180.666,1.301670,7042.833008
1435,180.793,1.301320,7041.742676
1436,180.918,1.300719,7043.789063
1437,181.044,1.301495,7041.695801
1438,181.171,1.301970,7043.756836
1439,181.296,1.301395,7041.354980
1440,181.423,1.301169,7043.435059
1441,181.549,1.300569,7039.446289
1442,181.674,1.301144,7044.747070
1443,181.801,1.301520,7046.836914
1444,181.927,1.301470,7044.189941
1445,182.053,1.301645,7041.096680
1446,182.178,1.301395,7045.028809
1447,182.305,1.301169,7036.123535
1448,182.430,1.301845,7045.467285
1449,182.557,1.301870,7045.640137
1450,182.683,1.301370,7048.704590
1451,182.809,1.301770,7042.856934
1452,182.934,1.300994,7079.178223
1453,183.060,1.301745,7114.465332
1454,183.188,1.301545,7116.461426
1455,183.313,1.301670,7122.270020
1456,183.438,1.301194,7121.138184
1457,183.564,1.301194,7140.507324
1458,183.690,1.301470,7141.027832
1459,183.817,1.301695,7152.179199
1460,183.942,1.301194,7143.175781
1461,184.069,1.301820,7161.716309
1462,184.195,1.300744,7152.171875
1463,184.320,1.301670,7156.639160
1464,184.447,1.301645,7156.959961
1465,184.572,1.301470,7148.135742
1466,184.698,1.301169,7150.546387
1467,184.825,1.301570,7075.035645
1468,184.950,1.301219,7045.784668
1469,185.076,1.301094,7046.899902
1470,185.203,1.301695,7046.636230
1471,185.328,1.301395,7046.897461
1472,185.454,1.301395,7039.119141
1473,185.580,1.301795,7043.896973
1474,185.706,1.301545,7041.872070
1475,185.833,1.302120,7040.684082
1476,185.959,1.301570,7045.745117
1477,186.084,1.301320,7044.908203
1478,186.211,1.301970,7043.532715
1479,186.336,1.301620,7045.878906
1480,186.462,1.301194,7042.794434
1481,186.588,1.300669,7042.927246
1482,186.715,1.301520,7044.548828
1483,186.841,1.301845,7039.595703
1484,186.967,1.301520,7041.408691
1485,187.092,1.300869,7043.199219
1486,187.218,1.301169,7038.798340
1487,187.344,1.300994,7039.475586
1488,187.471,1.301119,7041.166504
1489,187.596,1.301520,7043.246094
1490,187.722,1.301970,7043.224609
1491,187.849,1.301520,7041.383789
1492,187.974,1.301495,7050.676270
1493,188.100,1.301345,7044.085938
1494,188.226,1.301495,7042.490723
1495,188.352,1.301520,7043.687500
1496,188.479,1.301645,7040.846680
1497,188.604,1.301244,7045.820801
1498,188.730,1.300769,7043.093262
1499,188.856,1.301695,7043.461426
1500,188.983,1.301219,7044.072754
1501,189.108,1.301320,7034.241699
1502,189.234,1.301445,7043.168945
1503,189.360,1.301295,7045.897949
1504,189.487,1.301670,7043.168457
1505,189.612,1.302546,7046.225098
1506,189.738,1.301219,7050.756348
1507,189.864,1.301545,7048.283203
1508,189.990,1.301470,7057.768066
1509,190.116,1.302120,7067.109863
1510,190.242,1.301720,7053.292480
1511,190.368,1.301094,7063.573730
1512,190.494,1.301595,7061.336914
1513,190.620,1.301720,7067.043457
1514,190.746,1.301595,7066.464844
1515,190.872,1.301870,7069.372070
1516,190.998,1.301870,7068.779297
1517,191.124,1.301670,7064.937012
1518,191.250,1.301895,7065.613281
1519,191.376,1.301495,7066.922852
1520,191.502,1.301620,7068.355469
1521,191.628,1.301995,7071.490234
1522,191.754,1.302070,7072.627930
1523,191.880,1.301395,7072.007813
1524,192.006,1.301119,7070.291504
1525,192.132,1.301995,7064.522461
1526,192.258,1.301795,7072.508301
1527,192.384,1.301820,7065.685547
1528,192.510,1.301720,7068.205566
1529,192.636,1.301495,7076.005371
1530,192.762,1.301870,7086.475586
1531,192.888,1.302245,7067.207031
1532,193.014,1.302271,7070.123047
1533,193.140,1.301695,7069.240234
1534,193.266,1.300669,7083.218262
1535,193.392,1.301595,7058.112305
1536,193.517,1.301445,7068.168457
1537,193.644,1.302446,7055.147461
1538,193.769,1.302220,7048.251953
1539,193.896,1.301795,7039.509766
1540,194.022,1.301219,7042.747070
1541,194.148,1.301845,7042.162598
1542,194.273,1.301194,7042.314453
1543,194.400,1.302120,7041.791992
1544,194.526,1.301219,7038.542480
1545,194.651,1.301845,7043.128418
1546,194.778,1.301570,7041.174316
1547,194.904,1.301595,7039.407715
1548,195.030,1.302296,7041.829102
1549,195.156,1.301795,7039.312500
1550,195.281,1.301520,7043.457520
1551,195.408,1.301345,7039.843750
1552,195.534,1.301445,7042.414063
1553,195.660,1.301495,7041.211426
1554,195.785,1.301895,7042.647461
1555,195.911,1.301069,7042.257813
1556,196.038,1.301520,7041.323242
1557,196.164,1.300969,7042.967773
1558,196.290,1.301370,7040.208008
1559,196.416,1.301545,7043.751465
1560,196.541,1.301119,7040.496582
1561,196.668,1.301770,7041.537598
1562,196.794,1.301945,7042.669922
1563,196.920,1.301695,7044.368652
1564,197.046,1.302271,7042.577637
1565,197.171,1.302095,7041.115234
1566,197.297,1.301420,7043.112305
1567,197.424,1.302095,7040.886230
1568,197.550,1.301620,7043.066895
1569,197.676,1.301320,7042.566406
1570,197.801,1.301495,7042.519531
1571,197.928,1.302195,7042.877441
1572,198.054,1.301620,7042.682129
1573,198.180,1.301695,7045.591797
1574,198.306,1.302045,7044.021973
1575,198.431,1.302045,7045.821777
1576,198.557,1.302070,7041.608398
1577,198.683,1.301870,7043.469727
1578,198.810,1.301445,7041.065430
1579,198.935,1.301695,7042.361816
1580,199.061,1.302095,7044.224609
1581,199.188,1.301795,7047.639648
1582,199.314,1.301545,7044.835449
1583,199.439,1.301270,7042.124512
1584,199.565,1.301845,7039.921387
1585,199.691,1.300419,7035.719727
1586,199.817,1.301720,7040.321777
1587,199.944,1.301970,7044.909180
1588,200.069,1.301945,7046.165527
1589,200.195,1.301595,7047.370605
1590,200.321,1.301420,7057.311523
1591,200.447,1.301945,7050.749023
1592,200.574,1.301595,7054.285156
1593,200.699,1.302796,7097.482910
1594,200.826,1.301745,7146.612305
1595,200.951,1.301420,7169.267090
1596,201.077,1.302170,7189.089355
1597,201.204,1.302220,7194.350098
1598,201.329,1.301720,7193.694824
1599,201.455,1.302045,7176.870117
1600,201.581,1.302095,7173.769531
1601,201.707,1.302045,7113.628418
1602,201.834,1.301470,7059.037598
1603,201.959,1.302296,7050.402832
1604,202.085,1.301670,7052.216797
1605,202.211,1.301870,7048.119141
1606,202.337,1.301645,7044.744629
1607,202.463,1.302020,7046.636230
1608,202.589,1.301620,7046.642578
1609,202.715,1.302020,7048.969727
1610,202.841,1.302396,7046.097168
1611,202.967,1.301520,7045.757813
1612,203.093,1.301770,7042.105957
1613,203.219,1.301570,7050.226563
1614,203.345,1.301370,7045.858398
1615,203.471,1.301795,7044.486328
1616,203.597,1.302721,7044.091309
1617,203.723,1.301845,7044.884766
1618,203.849,1.301395,7046.917480
1619,203.975,1.302070,7045.995117
1620,204.101,1.302621,7043.215332
1621,204.227,1.301895,7043.952637
1622,204.353,1.301795,7043.355469
1623,204.479,1.301395,7042.003418
1624,204.605,1.301470,7045.114258
1625,204.731,1.301019,7043.416016
1626,204.857,1.302220,7049.002930
1627,204.983,1.302446,7046.327148
1628,205.109,1.301745,7046.615723
1629,205.235,1.301795,7044.957031
1630,205.361,1.301970,7045.343262
1631,205.487,1.301970,7044.255371
1632,205.613,1.301845,7046.293945
1633,205.739,1.302195,7046.932129
1634,205.865,1.301570,7044.295410
1635,205.991,1.301244,7048.488281
1636,206.117,1.302095,7042.888672
1637,206.243,1.301870,7042.744629
1638,206.369,1.301795,7044.373047
1639,206.495,1.301345,7040.754883
1640,206.621,1.301720,7040.627930
1641,206.747,1.301570,7049.803711
1642,206.873,1.302321,7045.013672
1643,206.999,1.302195,7043.417480
1644,207.125,1.302271,7047.581543
1645,207.251,1.301845,7055.071289
1646,207.377,1.301595,7050.855469
1647,207.503,1.302020,7051.523438
1648,207.630,1.301470,7051.989258
1649,207.755,1.302095,7054.727051
1650,207.881,1.302070,7085.119629
1651,208.007,1.301545,7078.284668
1652,208.133,1.301645,7101.327148
1653,208.259,1.301270,7119.572754
1654,208.385,1.302120,7130.677246
1655,208.511,1.302271,7136.496582
1656,208.637,1.302170,7129.307129
1657,208.763,1.301695,7135.744141
1658,208.889,1.301645,7144.995117
1659,209.015,1.302095,7146.421387
1660,209.141,1.302496,7137.433594
1661,209.267,1.301570,7146.161621
1662,209.393,1.302771,7148.439453
1663,209.519,1.302245,7148.509277
1664,209.645,1.301820,7151.003906
1665,209.771,1.301795,7134.383301
1666,209.897,1.301945,7149.759766
1667,210.023,1.301870,7136.162598
1668,210.149,1.301945,7138.766602
1669,210.275,1.302220,7150.700195
1670,210.401,1.301845,7157.250488
1671,210.527,1.301970,7142.191895
1672,210.653,1.302020,7162.995605
1673,210.779,1.302095,7125.840820
1674,210.905,1.301845,7160.502930
1675,211.031,1.301745,7146.802734
1676,211.156,1.302145,7132.775391
1677,211.282,1.302571,7055.354004
1678,211.409,1.302095,7038.426270
1679,211.535,1.302095,7042.420410
1680,211.661,1.301670,7043.909180
1681,211.786,1.302095,7045.223633
1682,211.913,1.301570,7040.989258
1683,212.039,1.302170,7036.560059
1684,212.164,1.302220,7041.992188
1685,212.291,1.300744,7041.292480
1686,212.417,1.301995,7047.245117
1687,212.542,1.302170,7046.650879
1688,212.669,1.302596,7040.349121
1689,212.795,1.301370,7044.358887
1690,212.921,1.301370,7042.976074
1691,213.047,1.301620,7044.837891
1692,213.173,1.301820,7049.685547
1693,213.299,1.301945,7042.147461
1694,213.425,1.302220,7044.043945
1695,213.550,1.301745,7042.976074
1696,213.677,1.301420,7043.195801
1697,213.803,1.300844,7044.164063
1698,213.929,1.302120,7046.404785
1699,214.055,1.302145,7042.165039
1700,214.180,1.301645,7042.793457
1701,214.307,1.301144,7044.885254
1702,214.433,1.302070,7040.012207
1703,214.559,1.302045,7044.693848
1704,214.685,1.301795,7042.270020
1705,214.810,1.302696,7039.739746
1706,214.937,1.302245,7036.350586
1707,215.063,1.301620,7034.241211
1708,215.189,1.300769,7038.155273
1709,215.315,1.302145,7038.475098
1710,215.440,1.302220,7036.749512
1711,215.566,1.301445,7033.026367
1712,215.693,1.301620,7035.208008
1713,215.819,1.301595,7037.504883
1714,215.944,1.301695,7036.677246
1715,216.070,1.301520,7036.436523
1716,216.196,1.302296,7033.934570
1717,216.323,1.302145,7036.994141
1718,216.449,1.301895,7038.497070
1719,216.575,1.302170,7035.177734
1720,216.700,1.301244,7039.824707
1721,216.826,1.301920,7031.803223
1722,216.952,1.302045,7038.683105
1723,217.079,1.301395,7037.299316
1724,217.204,1.301720,7039.820313
1725,217.330,1.302170,7035.169434
1726,217.456,1.301995,7041.078613
1727,217.583,1.301695,7037.453613
1728,217.708,1.302020,7037.378418
1729,217.835,1.302396,7040.298828
1730,217.960,1.301595,7042.860840
1731,218.087,1.301895,7033.526855
1732,218.213,1.302045,7036.550293
1733,218.338,1.302170,7037.078125
1734,218.464,1.302546,7039.565918
1735,218.590,1.302396,7040.199707
1736,218.718,1.302095,7034.637207
1737,218.843,1.301645,7036.779297
1738,218.968,1.301720,7039.346191
1739,219.094,1.302771,7036.021484
1740,219.220,1.301870,7043.466309
1741,219.346,1.302070,7035.282227
1742,219.472,1.301595,7037.449219
1743,219.598,1.302095,7037.072266
1744,219.724,1.301144,7042.862305
1745,219.850,1.302721,7043.990234
1746,219.976,1.302220,7043.481445
1747,220.102,1.301570,7040.541992
1748,220.228,1.301995,7043.137207
1749,220.355,1.302095,7039.002930
1750,220.481,1.301970,7036.030762
1751,220.606,1.302546,7051.989258
1752,220.733,1.302496,7054.270020
1753,220.858,1.302170,7063.687012
1754,220.984,1.302045,7066.618652
1755,221.110,1.301770,7064.778809
1756,221.236,1.302095,7069.138184
1757,221.362,1.301495,7074.136230
1758,221.488,1.301695,7072.100098
1759,221.614,1.301069,7083.020508
1760,221.741,1.301870,7086.259766
1761,221.866,1.301970,7079.262695
1762,221.992,1.301295,7079.645508
1763,222.118,1.302421,7077.888184
1764,222.244,1.302546,7076.394043
1765,222.371,1.302020,7080.055176
1766,222.496,1.301695,7080.998047
1767,222.622,1.301745,7085.194336
1768,222.748,1.302446,7080.925293
1769,222.874,1.302346,7075.343262
1770,223.000,1.301720,7076.717773
1771,223.126,1.302145,7082.976074
1772,223.252,1.302070,7086.416504
1773,223.378,1.301920,7084.005371
1774,223.504,1.302421,7077.761230
1775,223.630,1.302195,7075.145996
1776,223.756,1.301970,7067.093262
1777,223.882,1.301970,7081.646973
1778,224.008,1.301570,7078.507813
1779,224.134,1.301695,7059.126953
1780,224.260,1.302321,7039.957520
1781,224.386,1.302095,7039.436035
1782,224.512,1.301244,7035.374512
1783,224.638,1.301745,7038.765625
1784,224.764,1.301194,7036.612305
1785,224.890,1.301320,7032.103027
1786,225.016,1.302245,7038.490723
1787,225.142,1.301720,7036.261230
1788,225.268,1.301870,7035.692383
1789,225.394,1.302045,7036.522949
1790,225.520,1.302070,7031.954590
1791,225.646,1.301920,7040.324219
1792,225.772,1.302170,7035.790039
1793,225.898,1.302170,7038.479980
1794,226.024,1.301695,7039.605469
1795,226.149,1.302170,7041.306641
1796,226.276,1.302120,7040.002441
1797,226.402,1.302170,7037.368164
1798,226.528,1.301645,7034.566406
1799,226.654,1.301219,7036.545410
1800,226.780,1.301745,7036.651367
1801,226.906,1.301320,7037.817383
1802,227.032,1.302471,7037.218262
1803,227.158,1.302045,7038.094238
1804,227.285,1.301870,7037.100098
1805,227.410,1.301920,7035.939941
1806,227.536,1.301345,7037.099121
1807,227.662,1.302020,7037.997070
1808,227.787,1.303347,7037.252930
1809,227.914,1.302045,7034.847168
1810,228.039,1.302045,7039.585938
1811,228.166,1.301770,7040.490234
1812,228.292,1.301244,7035.716309
1813,228.418,1.302496,7038.427246
1814,228.544,1.301970,7035.718750
1815,228.670,1.302245,7034.966309
1816,228.796,1.301795,7038.562988
1817,228.921,1.302045,7036.779297
1818,229.048,1.302596,7034.913086
1819,229.173,1.302846,7039.430176
1820,229.299,1.302421,7034.951660
1821,229.426,1.302070,7035.949707
1822,229.551,1.302521,7036.262695
1823,229.678,1.301695,7036.754395
1824,229.803,1.302371,7035.074219
1825,229.929,1.301320,7037.482910
1826,230.056,1.302696,7038.744141
1827,230.181,1.301069,7034.220215
1828,230.309,1.301270,7034.546387
1829,230.434,1.301770,7036.046387
1830,230.560,1.301695,7034.610352
1831,230.686,1.302346,7034.739258
1832,230.812,1.302596,7031.376953
1833,230.938,1.302095,7034.787598
1834,231.064,1.301695,7035.636719
1835,231.189,1.302271,7035.210449
1836,231.316,1.302421,7036.161621
1837,231.441,1.302546,7035.462402
1838,231.567,1.301069,7038.333496
1839,231.694,1.302070,7037.836914
1840,231.819,1.301670,7035.536133
1841,231.945,1.302170,7034.956543
1842,232.072,1.301795,7038.234375
1843,232.197,1.302596,7036.496094
1844,232.323,1.302145,7036.254883
1845,232.449,1.301795,7038.654785
1846,232.576,1.302446,7039.202637
1847,232.701,1.302095,7038.370117
1848,232.828,1.301470,7037.166504
1849,232.953,1.302195,7037.835938
1850,233.079,1.302145,7034.500977
1851,233.205,1.302145,7034.283691
1852,233.332,1.302170,7033.773926
1853,233.457,1.302571,7037.755859
1854,233.584,1.302346,7038.096191
1855,233.709,1.301770,7037.624023
1856,233.835,1.302721,7038.966797
1857,233.962,1.302296,7035.491699
1858,234.087,1.301895,7037.352539
1859,234.214,1.302170,7045.676270
1860,234.339,1.302521,7051.021973
1861,234.465,1.302596,7061.634766
1862,234.594,1.302195,7099.605469
1863,234.717,1.301920,7120.178711
1864,234.843,1.301670,7136.005371
1865,234.969,1.302321,7151.214844
1866,235.095,1.303221,7130.252441
1867,235.221,1.301870,7145.862305
1868,235.347,1.302195,7161.012207
1869,235.473,1.302220,7157.461426
1870,235.600,1.302421,7159.477051
1871,235.725,1.302120,7154.959961
1872,235.851,1.302045,7164.958008
1873,235.977,1.302371,7182.094238
1874,236.104,1.302321,7158.362793
1875,236.229,1.302220,7166.800781
1876,236.355,1.302546,7167.771484
1877,236.481,1.302120,7172.061523
1878,236.607,1.302170,7181.543457
1879,236.733,1.302946,7187.073730
1880,236.859,1.302521,7176.474609
1881,236.985,1.301720,7172.297852
1882,237.111,1.302095,7164.687012
1883,237.237,1.302195,7158.934570
1884,237.363,1.302596,7151.137207
1885,237.489,1.302546,7163.552734
1886,237.615,1.302596,7126.774414
1887,237.741,1.302571,7056.888672
1888,237.867,1.302095,7047.247070
1889,237.993,1.302871,7040.084961
1890,238.119,1.301920,7039.417969
1891,238.246,1.302296,7036.285645
1892,238.371,1.302245,7036.023438
1893,238.497,1.302095,7038.651367
1894,238.623,1.302321,7035.433594
1895,238.749,1.302796,7037.053711
1896,238.876,1.302371,7039.918945
1897,239.001,1.301345,7035.040039
1898,239.127,1.301445,7036.914551
1899,239.253,1.302220,7039.257813
1900,239.379,1.302245,7042.341797
1901,239.505,1.302321,7033.222168
1902,239.631,1.301695,7037.180664
1903,239.757,1.302496,7035.529785
1904,239.883,1.302170,7039.437012
1905,240.009,1.302145,7038.261719
1906,240.135,1.302871,7036.655762
1907,240.261,1.302346,7034.155273
1908,240.387,1.302796,7035.557617
1909,240.513,1.302596,7036.414551
1910,240.639,1.302195,7039.484375
1911,240.765,1.302045,7038.279785
1912,240.891,1.302646,7037.249023
1913,241.017,1.301920,7036.226563
1914,241.143,1.302521,7037.960938
1915,241.270,1.302746,7036.962402
1916,241.395,1.302095,7040.712402
1917,241.521,1.301445,7037.001465
1918,241.647,1.301370,7036.177734
1919,241.773,1.302721,7037.156738
1920,241.900,1.302045,7039.071777
1921,242.025,1.302245,7036.816895
1922,242.151,1.302195,7039.496582
1923,242.277,1.302546,7039.532715
1924,242.402,1.302020,7048.225098
1925,242.529,1.302346,7073.618164
1926,242.655,1.302946,7077.332031
1927,242.780,1.301945,7124.820801
1928,242.906,1.302471,7117.077148
1929,243.033,1.302220,7150.287109
1930,243.159,1.302996,7172.631348
1931,243.285,1.301620,7204.639648
1932,243.411,1.301695,7212.998047
1933,243.537,1.302321,7210.274902
1934,243.662,1.302120,7223.542480
1935,243.788,1.302471,7230.731445
1936,243.915,1.302946,7237.052246
1937,244.041,1.302671,7229.000977
1938,244.167,1.301320,7232.339355
1939,244.293,1.302346,7227.274414
1940,244.420,1.302571,7249.279785
1941,244.545,1.302671,7248.976074
1942,244.671,1.302070,7267.291504
1943,244.797,1.302846,7229.237793
1944,244.923,1.302296,7249.612793
1945,245.049,1.302095,7258.517578
1946,245.174,1.302596,7254.542969
1947,245.300,1.303046,7257.007324
1948,245.426,1.302821,7253.776855
1949,245.552,1.302621,7259.156250
1950,245.679,1.301695,7240.406250
1951,245.805,1.302095,7219.879883
1952,245.931,1.301495,7181.147949
1953,246.056,1.303146,7139.708008
1954,246.183,1.302546,7174.165039
1955,246.308,1.302721,7190.080078
1956,246.435,1.301595,7210.810059
1957,246.561,1.301945,7223.884766
1958,246.686,1.302346,7222.398438
1959,246.813,1.303347,7117.593750
1960,246.939,1.302921,7080.435547
1961,247.065,1.302496,7070.932617
1962,247.191,1.301995,7060.506348
1963,247.316,1.302696,7057.217285
1964,247.443,1.302646,7055.244141
1965,247.570,1.302621,7056.655273
1966,247.694,1.302321,7057.015625
1967,247.820,1.302521,7055.085938
1968,247.946,1.301620,7052.021973
1969,248.073,1.302020,7053.342773
1970,248.198,1.302546,7052.067383
1971,248.325,1.302921,7056.875488
1972,248.450,1.302671,7052.641113
1973,248.576,1.302296,7052.158203
1974,248.702,1.302346,7051.062500
1975,248.829,1.302371,7053.208984
1976,248.955,1.302696,7049.039551
1977,249.081,1.302621,7050.893555
1978,249.207,1.302396,7050.637695
1979,249.332,1.302821,7051.705566
1980,249.458,1.302421,7053.965332
1981,249.584,1.302696,7056.411133
1982,249.710,1.302546,7055.560547
1983,249.836,1.302596,7052.212891
1984,249.963,1.302996,7049.649902
1985,250.088,1.302095,7051.488770
1986,250.214,1.302571,7049.326172
1987,250.340,1.302671,7053.573242
1988,250.466,1.302521,7052.480469
1989,250.592,1.302371,7052.636230
1990,250.718,1.303121,7048.337891
1991,250.844,1.302996,7051.714355
1992,250.970,1.302245,7052.587891
1993,251.097,1.301720,7051.635254
1994,251.222,1.302020,7051.069824
1995,251.348,1.303021,7049.363770
1996,251.474,1.302696,7045.972656
1997,251.600,1.302821,7047.400391
1998,251.727,1.302421,7051.709961
1999,251.853,1.301895,7053.744629
2000,251.979,1.303121,7049.243652
2001,252.105,1.303447,7048.790039
2002,252.230,1.302596,7053.431641
2003,252.357,1.302746,7047.218262
2004,252.482,1.303096,7046.859863
2005,252.608,1.302746,7053.160156
2006,252.734,1.302771,7051.061035
2007,252.860,1.303221,7050.723145
2008,252.987,1.303422,7051.167969
2009,253.112,1.301795,7046.655273
2010,253.238,1.301845,7054.181641
2011,253.364,1.302220,7059.517090
2012,253.490,1.303171,7086.487305
2013,253.616,1.301845,7081.818848
2014,253.742,1.302896,7070.175781
2015,253.868,1.302971,7073.777344
2016,253.994,1.302245,7080.222168
2017,254.120,1.302846,7092.155273
2018,254.246,1.303221,7090.392578
2019,254.372,1.303146,7093.607422
2020,254.498,1.303021,7088.941895
2021,254.624,1.303447,7090.605469
2022,254.751,1.302921,7095.841797
2023,254.876,1.302671,7094.192871
2024,255.002,1.303121,7095.147461
2025,255.128,1.302346,7108.275879
2026,255.254,1.303121,7081.162598
2027,255.380,1.303272,7100.136230
2028,255.506,1.302696,7098.270996
2029,255.632,1.302996,7094.687012
2030,255.758,1.302721,7093.706543
2031,255.884,1.303397,7091.831543
2032,256.010,1.302271,7098.567383
2033,256.136,1.303321,7101.699219
2034,256.262,1.302821,7105.243652
2035,256.388,1.303221,7077.705566
2036,256.514,1.302596,7046.708008
2037,256.640,1.302971,7054.302734
2038,256.766,1.302471,7046.262695
2039,256.892,1.301720,7047.804688
2040,257.018,1.303146,7048.902344
2041,257.144,1.303071,7045.928223
2042,257.270,1.301595,7049.714844
2043,257.396,1.303096,7044.970703
2044,257.522,1.303372,7045.426270
2045,257.648,1.303522,7044.105957
2046,257.774,1.303021,7048.540527
2047,257.900,1.302696,7044.588379
2048,258.026,1.302871,7049.588867
2049,258.152,1.302070,7047.681152
2050,258.278,1.302220,7045.577637
2051,258.404,1.303171,7046.593262
2052,258.530,1.303196,7048.936523
2053,258.656,1.302546,7045.044434
2054,258.782,1.303522,7045.585938
2055,258.908,1.302821,7045.959961
2056,259.034,1.302671,7043.590332
2057,259.162,1.302170,7044.437988
2058,259.286,1.303272,7043.906738
2059,259.412,1.303321,7044.775879
2060,259.537,1.302921,7045.112305
2061,259.664,1.302120,7046.099609
2062,259.790,1.302646,7042.982910
2063,259.916,1.302321,7047.810547
2064,260.042,1.303347,7046.700195
2065,260.168,1.303522,7046.410645
2066,260.294,1.302971,7047.218262
2067,260.420,1.302646,7047.715332
2068,260.546,1.303146,7044.114258
2069,260.671,1.302120,7046.455078
2070,260.797,1.302896,7045.670898
2071,260.924,1.303447,7045.957520
2072,261.050,1.303572,7047.012695
2073,261.176,1.302521,7043.078613
2074,261.302,1.302321,7042.819824
2075,261.429,1.302421,7045.717285
2076,261.553,1.303297,7047.287109
2077,261.680,1.302996,7042.764160
2078,261.806,1.303321,7043.906250
2079,261.932,1.303171,7042.817871
2080,262.058,1.303046,7049.176270
2081,262.183,1.302646,7051.172363
2082,262.310,1.303146,7049.825684
2083,262.435,1.303297,7052.183594
2084,262.561,1.303321,7063.707031
2085,262.688,1.303096,7083.471680
2086,262.814,1.303071,7119.570801
2087,262.940,1.302746,7124.632813
2088,263.066,1.302871,7122.148438
2089,263.191,1.302971,7098.907227
2090,263.318,1.302095,7131.276367
2091,263.443,1.302671,7129.275879
2092,263.569,1.303297,7122.897461
2093,263.696,1.302721,7118.309570
2094,263.822,1.302496,7122.068359
2095,263.947,1.302120,7125.861816
2096,264.074,1.303321,7130.734863
2097,264.200,1.303171,7117.815918
2098,264.325,1.303872,7096.657227
2099,264.451,1.303422,7052.003906
2100,264.577,1.301645,7051.216797
2101,264.704,1.302896,7051.358398
2102,264.829,1.303372,7044.734863
2103,264.955,1.303146,7045.818848
2104,265.081,1.303171,7046.161621
2105,265.207,1.303146,7042.172363
2106,265.333,1.302671,7046.036621
2107,265.459,1.302245,7047.003418
2108,265.585,1.302696,7045.098145
2109,265.711,1.302220,7043.402344
2110,265.837,1.303272,7043.955078
2111,265.964,1.302946,7039.852051
2112,266.090,1.303221,7047.675293
2113,266.215,1.303021,7044.584961
2114,266.341,1.302896,7045.892578
2115,266.467,1.302871,7046.562500
2116,266.593,1.303021,7044.511230
2117,266.720,1.303171,7043.831055
2118,266.845,1.302921,7046.003906
2119,266.972,1.303096,7042.993652
2120,267.097,1.302421,7043.697754
2121,267.223,1.302821,7040.859375
2122,267.349,1.302871,7043.514160
2123,267.475,1.303171,7044.031250
2124,267.602,1.303547,7043.757324
2125,267.728,1.302971,7044.429199
2126,267.853,1.302195,7044.831055
2127,267.980,1.303171,7039.846191
2128,268.105,1.302896,7041.435547
2129,268.232,1.302971,7042.586426
2130,268.357,1.303221,7045.958008
2131,268.483,1.302696,7044.725098
2132,268.609,1.302170,7043.311035
2133,268.735,1.303497,7051.229980
2134,268.862,1.302020,7046.679688
2135,268.987,1.302571,7046.891113
2136,269.113,1.303171,7045.207031
2137,269.239,1.302571,7044.977051
2138,269.365,1.303597,7049.696777
2139,269.491,1.302346,7044.050293
2140,269.617,1.303272,7045.033203
2141,269.743,1.302896,7045.586914
2142,269.869,1.302946,7046.317871
2143,269.995,1.303622,7045.958984
2144,270.121,1.302796,7047.204590
2145,270.247,1.303121,7044.319824
2146,270.374,1.303722,7042.841797
2147,270.499,1.302921,7043.647949
2148,270.625,1.302946,7044.115723
2149,270.751,1.302846,7046.506348
2150,270.877,1.303297,7044.839844
2151,271.004,1.302621,7041.489746
2152,271.129,1.303597,7044.293457
2153,271.255,1.302271,7041.627441
2154,271.381,1.302996,7046.476563
2155,271.507,1.302821,7044.844727
2156,271.633,1.303672,7041.738770
2157,271.759,1.303622,7042.883789
2158,271.885,1.303021,7042.560547
2159,272.011,1.302771,7047.269043
2160,272.137,1.303272,7036.703613
2161,272.263,1.302921,7045.672852
2162,272.389,1.303021,7043.976074
2163,272.515,1.303472,7045.775391
2164,272.641,1.303447,7050.386230
2165,272.767,1.302571,7043.862305
2166,272.893,1.303697,7055.817871
2167,273.019,1.302220,7057.991699
2168,273.145,1.302796,7108.255859
2169,273.271,1.302120,7136.239746
2170,273.397,1.303146,7205.285645
2171,273.523,1.302596,7177.372070
2172,273.649,1.303021,7178.926270
2173,273.775,1.303121,7200.498535
2174,273.901,1.302596,7211.895020
2175,274.027,1.302896,7207.029785
2176,274.153,1.303422,7230.883789
2177,274.279,1.302946,7203.960449
2178,274.405,1.303196,7229.611328
2179,274.532,1.303071,7227.761230
2180,274.657,1.303572,7222.642090
2181,274.782,1.302145,7197.639160
2182,274.909,1.302546,7228.018066
2183,275.035,1.303822,7216.310547
2184,275.161,1.303472,7218.324707
2185,275.287,1.302346,7208.510254
2186,275.412,1.303246,7247.181152
2187,275.539,1.302996,7223.207520
2188,275.665,1.303046,7217.922363
2189,275.791,1.302245,7234.828613
2190,275.917,1.303196,7230.469727
2191,276.042,1.303347,7222.497559
2192,276.169,1.303397,7200.018066
2193,276.295,1.302721,7238.734375
2194,276.421,1.303171,7215.295410
2195,276.547,1.302371,7213.242188
2196,276.672,1.302245,7222.477539
2197,276.800,1.302546,7213.031738
2198,276.925,1.303221,7109.538086
2199,277.051,1.302996,7065.323730
2200,277.176,1.302496,7054.997559
2201,277.302,1.302646,7056.735840
2202,277.428,1.302921,7047.356934
2203,277.555,1.302946,7052.793457
2204,277.680,1.303672,7043.827637
2205,277.807,1.302646,7046.585449
2206,277.933,1.302721,7047.180664
2207,278.060,1.303297,7051.399414
2208,278.185,1.302671,7045.156250
2209,278.310,1.303622,7044.899902
2210,278.436,1.303246,7047.170410
2211,278.562,1.303697,7045.820313
2212,278.688,1.302821,7047.288086
2213,278.814,1.302771,7050.349121
2214,278.940,1.303096,7049.684082
2215,279.066,1.303196,7049.114746
2216,279.193,1.303297,7049.074707
2217,279.318,1.303071,7048.153320
2218,279.444,1.302971,7050.030762
2219,279.570,1.303021,7048.588867
2220,279.696,1.302971,7046.255371
2221,279.823,1.302396,7046.302246
2222,279.948,1.303096,7048.173828
2223,280.074,1.303246,7050.171875
2224,280.200,1.302321,7052.957031
2225,280.326,1.303372,7045.949707
2226,280.453,1.302921,7048.269531
2227,280.578,1.303046,7047.517578
2228,280.704,1.302921,7049.098633
2229,280.830,1.303422,7046.502930
2230,280.956,1.303647,7045.198730
2231,281.082,1.302120,7046.699707
2232,281.208,1.303321,7047.880371
2233,281.335,1.301645,7045.747070
2234,281.460,1.302871,7056.078125
2235,281.586,1.303071,7050.643555
2236,281.712,1.303347,7047.758789
2237,281.838,1.303372,7049.320313
2238,281.964,1.303121,7056.429688
2239,282.090,1.302546,7067.386230
2240,282.216,1.302871,7070.371582
2241,282.342,1.303597,7064.291016
2242,282.468,1.302746,7063.845215
2243,282.595,1.303472,7070.609375
2244,282.720,1.303947,7068.508789
2245,282.846,1.303021,7079.145996
2246,282.972,1.303372,7071.661621
2247,283.098,1.303096,7075.181152
2248,283.224,1.302996,7073.854980
2249,283.350,1.302496,7077.550781
2250,283.476,1.303447,7083.263672
2251,283.602,1.303722,7065.264160
2252,283.728,1.302721,7078.466309
2253,283.855,1.303146,7079.544434
2254,283.980,1.303146,7080.865723
2255,284.107,1.302771,7079.718262
2256,284.232,1.303597,7081.871094
2257,284.358,1.303196,7084.046387
2258,284.484,1.303622,7083.425293
2259,284.610,1.303472,7086.051270
2260,284.737,1.303372,7092.112793
2261,284.862,1.302996,7087.321777
2262,284.988,1.303071,7093.047852
2263,285.114,1.303447,7074.989258
2264,285.240,1.303622,7049.227051
2265,285.367,1.303171,7044.300781
2266,285.493,1.302796,7048.778809
2267,285.618,1.303472,7047.076660
2268,285.744,1.303196,7040.791016
2269,285.870,1.303397,7043.614258
2270,285.996,1.303822,7042.145020
2271,286.122,1.303447,7041.371094
2272,286.248,1.303697,7043.847656
2273,286.374,1.302220,7038.803223
2274,286.500,1.303422,7041.080566
2275,286.626,1.302771,7044.083008
2276,286.752,1.303121,7041.187988
2277,286.878,1.303647,7042.104980
2278,287.004,1.303321,7048.647949
2279,287.131,1.303572,7048.084473
2280,287.256,1.303372,7044.329590
2281,287.382,1.302896,7043.112305
2282,287.508,1.302896,7041.180176
2283,287.633,1.302846,7043.421875
2284,287.760,1.302571,7045.959473
2285,287.886,1.303272,7043.334473
2286,288.012,1.303347,7043.386719
2287,288.138,1.302921,7047.326172
2288,288.264,1.302220,7042.168457
2289,288.390,1.303472,7045.005859
2290,288.516,1.303447,7045.443359
2291,288.642,1.303547,7045.125000
2292,288.767,1.302346,7046.341309
2293,288.893,1.302396,7047.158691
2294,289.020,1.302996,7050.240234
2295,289.146,1.302771,7056.977051
2296,289.272,1.303321,7061.665527
2297,289.398,1.303321,7071.361816
2298,289.524,1.303196,7104.169922
2299,289.649,1.303171,7166.885254
2300,289.776,1.302796,7192.989258
2301,289.902,1.303522,7178.580078
2302,290.028,1.303221,7184.778809
2303,290.154,1.303272,7184.594238
2304,290.280,1.302646,7199.754395
2305,290.406,1.302921,7201.320801
2306,290.532,1.301895,7187.738281
2307,290.657,1.302821,7201.543457
2308,290.784,1.303171,7183.569336
2309,290.911,1.302946,7198.745117
2310,291.036,1.303297,7209.040527
2311,291.162,1.303622,7198.847656
2312,291.288,1.303672,7181.291016
2313,291.414,1.302846,7199.121582
2314,291.540,1.303121,7202.522949
2315,291.666,1.302421,7177.954102
2316,291.792,1.303046,7222.536133
2317,291.917,1.303497,7193.403320
2318,292.044,1.303797,7194.973145
2319,292.170,1.302446,7202.520508
2320,292.296,1.303071,7205.328125
2321,292.422,1.302546,7209.338379
2322,292.547,1.303046,7206.910156
2323,292.673,1.302946,7148.722168
2324,292.800,1.303622,7061.461426
2325,292.925,1.303572,7049.744629
2326,293.052,1.303597,7041.184082
2327,293.177,1.303747,7046.430664
2328,293.304,1.302496,7043.853516
2329,293.430,1.303347,7045.106934
2330,293.556,1.303021,7045.658691
2331,293.681,1.303397,7043.682129
2332,293.807,1.303897,7043.659668
2333,293.933,1.303347,7047.249023
2334,294.059,1.303947,7044.712402
2335,294.186,1.302771,7045.010742
2336,294.312,1.303447,7048.286133
2337,294.437,1.302771,7046.239258
2338,294.563,1.303522,7046.955566
2339,294.689,1.302821,7045.795410
2340,294.815,1.303171,7044.615234
2341,294.941,1.303347,7044.981445
2342,295.067,1.303572,7047.255371
2343,295.193,1.302321,7044.250977
2344,295.319,1.303171,7048.218750
2345,295.446,1.303822,7046.311523
2346,295.571,1.302746,7043.865234
2347,295.698,1.303121,7041.611816
2348,295.824,1.303071,7046.316406
2349,295.949,1.303497,7044.856934
2350,296.076,1.303372,7045.843750
2351,296.202,1.304297,7043.656738
2352,296.327,1.302346,7043.385742
2353,296.453,1.303872,7049.826172
2354,296.579,1.303397,7054.276855
2355,296.705,1.303847,7044.976563
2356,296.831,1.303372,7049.041504
2357,296.958,1.303021,7049.772461
2358,297.083,1.303597,7054.880859
2359,297.209,1.303121,7051.889160
2360,297.335,1.303422,7070.871094
2361,297.461,1.302896,7124.354980
2362,297.587,1.303947,7202.418457
2363,297.713,1.302646,7239.611816
2364,297.839,1.303121,7213.666504
2365,297.965,1.303372,7224.247559
2366,298.091,1.303071,7204.520508
2367,298.217,1.303772,7217.264648
2368,298.343,1.303872,7221.848633
2369,298.469,1.302871,7198.451172
2370,298.595,1.303622,7227.870117
2371,298.721,1.302521,7208.856445
2372,298.847,1.303372,7207.160156
2373,298.973,1.303146,7214.943359
2374,299.099,1.303372,7227.780273
2375,299.225,1.303797,7224.882813
2376,299.352,1.303622,7211.680176
2377,299.478,1.303272,7213.977051
2378,299.603,1.303897,7221.196289
2379,299.729,1.303397,7216.401367
2380,299.855,1.303071,7219.362305
2381,299.981,1.302471,7191.731445
2382,300.107,1.302596,7185.504883
2383,300.233,1.303847,7103.095215
2384,300.359,1.303972,7047.362305
2385,300.485,1.303697,7041.666992
2386,300.612,1.303347,7042.247559
2387,300.737,1.303146,7038.049316
2388,300.863,1.303547,7039.532715
2389,300.989,1.303622,7036.325195
2390,301.115,1.304072,7039.246582
2391,301.241,1.303572,7036.057617
2392,301.367,1.303847,7038.460938
2393,301.493,1.302646,7038.602539
2394,301.619,1.303021,7042.208984
2395,301.745,1.303797,7033.671875
2396,301.872,1.303497,7033.422852
2397,301.997,1.303372,7038.312988
2398,302.123,1.303321,7038.910645
2399,302.249,1.304147,7038.343262
2400,302.375,1.303872,7042.590820
2401,302.501,1.302921,7035.376465
2402,302.627,1.303722,7037.451172
2403,302.753,1.303096,7036.347656
2404,302.879,1.303347,7039.642090
2405,303.005,1.303321,7039.839355
2406,303.131,1.303297,7036.317383
2407,303.257,1.303422,7037.337402
2408,303.383,1.303722,7036.961426
2409,303.509,1.303822,7040.518555
2410,303.635,1.303071,7037.081543
2411,303.761,1.303121,7037.789551
2412,303.887,1.303397,7037.201172
2413,304.013,1.302571,7036.958496
2414,304.139,1.303146,7034.351074
2415,304.265,1.303947,7036.114258
2416,304.391,1.303872,7039.536133
2417,304.517,1.303572,7036.279297
2418,304.643,1.303121,7037.761230
2419,304.769,1.303822,7040.713379
2420,304.895,1.303121,7040.472168
2421,305.020,1.303947,7041.946289
2422,305.147,1.304322,7054.782227
2423,305.273,1.304097,7080.741211
2424,305.399,1.303972,7087.468262
2425,305.525,1.302821,7092.091797
2426,305.651,1.303547,7103.836426
2427,305.777,1.303697,7100.689453
2428,305.903,1.303422,7096.003906
2429,306.029,1.302746,7101.680664
2430,306.155,1.302321,7101.732910
2431,306.280,1.302721,7102.441406
2432,306.407,1.303897,7098.911621
2433,306.533,1.302271,7100.250488
2434,306.658,1.302421,7099.701660
2435,306.785,1.303872,7101.011719
2436,306.911,1.303797,7104.290527
2437,307.036,1.303347,7089.632324
2438,307.163,1.303972,7093.569336
2439,307.289,1.303522,7088.351074
2440,307.416,1.302871,7090.144531
2441,307.541,1.302896,7084.014160
2442,307.667,1.302471,7093.937988
2443,307.793,1.303397,7094.359863
2444,307.919,1.303497,7087.650391
2445,308.045,1.303547,7090.621582
2446,308.170,1.303722,7082.901367
2447,308.297,1.303597,7080.529785
2448,308.423,1.303146,7078.311035
2449,308.549,1.303422,7079.618164
2450,308.675,1.302696,7084.159668
2451,308.801,1.303522,7095.375488
2452,308.927,1.303547,7084.437012
2453,309.052,1.303422,7063.104004
2454,309.179,1.303997,7043.994141
2455,309.305,1.303747,7038.813477
2456,309.430,1.303872,7039.181152
2457,309.556,1.302671,7036.799316
2458,309.682,1.302996,7038.637695
2459,309.808,1.303597,7035.924316
2460,309.934,1.302821,7040.222656
2461,310.061,1.303722,7036.395508
2462,310.187,1.303772,7038.893066
2463,310.312,1.303021,7038.099609
2464,310.438,1.303321,7033.979004
2465,310.564,1.303221,7035.267578
2466,310.690,1.303321,7036.770508
2467,310.816,1.303747,7037.028809
2468,310.943,1.303397,7034.902832
2469,311.068,1.303997,7040.672363
2470,311.194,1.303547,7034.191895
2471,311.320,1.303547,7036.757324
2472,311.446,1.302496,7038.419922
2473,311.572,1.302446,7038.742676
2474,311.698,1.303121,7053.645996
2475,311.824,1.303522,7047.116211
2476,311.950,1.303972,7045.574707
2477,312.076,1.303797,7048.597168
2478,312.202,1.304047,7057.856934
2479,312.328,1.303797,7049.422852
2480,312.454,1.302521,7051.276367
2481,312.580,1.303772,7055.394043
2482,312.706,1.303497,7053.228027
2483,312.832,1.303472,7053.077637
2484,312.958,1.303672,7062.610840
2485,313.084,1.303772,7053.486816
2486,313.210,1.304047,7057.495605
2487,313.336,1.303572,7056.633789
2488,313.463,1.302971,7066.026367
2489,313.589,1.302746,7061.126953
2490,313.714,1.303297,7057.374512
2491,313.840,1.304348,7053.972656
2492,313.966,1.303447,7055.147461
2493,314.092,1.302696,7059.145996
2494,314.218,1.303922,7052.842773
2495,314.344,1.303272,7058.158691
2496,314.470,1.303597,7052.358887
2497,314.596,1.303221,7043.983887
2498,314.722,1.303797,7039.031250
2499,314.848,1.303697,7035.363281
2500,314.974,1.302446,7036.325684
2501,315.100,1.303422,7038.938477
2502,315.226,1.303497,7032.625000
2503,315.353,1.303246,7037.390137
2504,315.478,1.303422,7034.217773
2505,315.604,1.303522,7033.697266
2506,315.730,1.303246,7033.471680
2507,315.856,1.303472,7035.692871
2508,315.982,1.303772,7034.954102
2509,316.108,1.303597,7031.778809
2510,316.234,1.303447,7032.567383
2511,316.360,1.303547,7036.353516
2512,316.486,1.303272,7036.312012
2513,316.612,1.303522,7031.957520
2514,316.738,1.303672,7031.288574
2515,316.864,1.303422,7028.384766
2516,316.990,1.303572,7033.497070
2517,317.116,1.302971,7033.277832
2518,317.242,1.303522,7033.644043
2519,317.368,1.303221,7032.850098
2520,317.494,1.303397,7037.481445
2521,317.620,1.303947,7034.930176
2522,317.746,1.303922,7037.480469
2523,317.872,1.303321,7035.113281
2524,317.998,1.303747,7034.715332
2525,318.124,1.303321,7028.113281
2526,318.250,1.302671,7034.958008
2527,318.376,1.303697,7033.752441
2528,318.502,1.303221,7034.884277
2529,318.628,1.303372,7035.602539
2530,318.754,1.303847,7037.251465
2531,318.880,1.303822,7035.613281
2532,319.006,1.303297,7032.645996
2533,319.132,1.304022,7031.671875
2534,319.258,1.303447,7037.823730
2535,319.384,1.303397,7035.083984
2536,319.510,1.303171,7033.710449
2537,319.636,1.303797,7033.560059
2538,319.762,1.303722,7036.791504
2539,319.888,1.303347,7031.241211
2540,320.014,1.302245,7035.173828
2541,320.140,1.301945,7037.493164
2542,320.266,1.302871,7042.247559
2543,320.392,1.303347,7048.010742
2544,320.518,1.303246,7084.225098
2545,320.644,1.303747,7162.093262
2546,320.770,1.303297,7187.771973
2547,320.896,1.303046,7168.537109
2548,321.022,1.303171,7140.149414
2549,321.148,1.302871,7136.704102
2550,321.273,1.303622,7121.070313
2551,321.400,1.303397,7128.805664
2552,321.526,1.303171,7146.545898
2553,321.652,1.303021,7096.617188
2554,321.778,1.303447,7054.984863
2555,321.904,1.303422,7046.283203
2556,322.030,1.302621,7044.521484
2557,322.156,1.303522,7039.320801
2558,322.282,1.303522,7040.788086
2559,322.408,1.303397,7039.814941
2560,322.533,1.303046,7040.763672
2561,322.660,1.302421,7039.916992
2562,322.786,1.303572,7039.801270
2563,322.911,1.303146,7035.806152
2564,323.038,1.303171,7035.633301
2565,323.163,1.303422,7038.838867
2566,323.290,1.303422,7037.724121
2567,323.416,1.302971,7033.341309
2568,323.542,1.303747,7035.874023
2569,323.668,1.303321,7036.178711
2570,323.794,1.303146,7041.104980
2571,323.920,1.303196,7031.568848
2572,324.045,1.302946,7035.394531
2573,324.172,1.303497,7034.253418
2574,324.297,1.303422,7034.366699
2575,324.423,1.302746,7033.742188
2576,324.550,1.346589,7041.782227
2577,324.676,1.303196,7046.212891
2578,324.802,1.303572,7050.627441
2579,324.927,1.302796,7062.474121
2580,325.053,1.303547,7063.625488
2581,325.180,1.303221,7058.614258
2582,325.306,1.303447,7070.120605
2583,325.431,1.303497,7067.605469
2584,325.557,1.303221,7068.923828
2585,325.683,1.303622,7070.659180
2586,325.809,1.303297,7075.086914
2587,325.936,1.302521,7073.258789
2588,326.062,1.302746,7069.448242
2589,326.187,1.303547,7074.070801
2590,326.313,1.303747,7077.085449
2591,326.439,1.303021,7070.456543
2592,326.566,1.303171,7069.604004
2593,326.691,1.303397,7070.482910
2594,326.817,1.303447,7060.241699
2595,326.943,1.302271,7065.833984
2596,327.069,1.303347,7069.959961
2597,327.195,1.303772,7067.103027
2598,327.321,1.302946,7061.997070
2599,327.447,1.346739,7052.637207
2600,327.574,1.303672,7038.927246
2601,327.699,1.302921,7032.471191
2602,327.825,1.303071,7031.026367
2603,327.951,1.303722,7033.137207
2604,328.077,1.302996,7033.527344
2605,328.203,1.302871,7032.764648
2606,328.329,1.303447,7031.244141
2607,328.455,1.303472,7033.373535
2608,328.581,1.302521,7036.215332
2609,328.707,1.303722,7036.703125
2610,328.833,1.303522,7032.072754
2611,328.959,1.303196,7031.993652
2612,329.085,1.303672,7032.587891
2613,329.212,1.303221,7032.718262
2614,329.337,1.303347,7036.043945
2615,329.463,1.302646,7033.986816
2616,329.589,1.302446,7031.882813
2617,329.715,1.303472,7035.552246
2618,329.841,1.303221,7038.738770
2619,329.967,1.303647,7036.348145
2620,330.093,1.303947,7038.733398
2621,330.219,1.302946,7039.021484
2622,330.345,1.302546,7043.947266
2623,330.471,1.302371,7047.779785
2624,330.597,1.303196,7051.372559
2625,330.723,1.302721,7087.816406
2626,330.849,1.303422,7106.426758
2627,330.975,1.303497,7112.779785
2628,331.101,1.303347,7134.848633
2629,331.227,1.303572,7153.374023
2630,331.353,1.303522,7183.208984
2631,331.479,1.302746,7162.438965
2632,331.605,1.302621,7163.009766
2633,331.731,1.303046,7155.493164
2634,331.857,1.303847,7157.652344
2635,331.983,1.303397,7154.471680
2636,332.109,1.303847,7153.890625
2637,332.235,1.303597,7151.759277
2638,332.361,1.303146,7157.996094
2639,332.487,1.303372,7165.750977
2640,332.613,1.303272,7096.888672
2641,332.739,1.303096,7055.280273
2642,332.865,1.303572,7041.485352
2643,332.991,1.302946,7039.345703
2644,333.117,1.303397,7035.067383
2645,333.243,1.303597,7036.666016
2646,333.369,1.302846,7035.427734
2647,333.495,1.302946,7034.978516
2648,333.621,1.301320,7032.336426
2649,333.747,1.302346,7035.781250
2650,333.873,1.302946,7034.756836
2651,333.999,1.302996,7033.222656
2652,334.125,1.303497,7034.431152
2653,334.251,1.302996,7033.140137
2654,334.377,1.302746,7028.940918
2655,334.503,1.303171,7033.594238
2656,334.629,1.303497,7034.308105
2657,334.755,1.303522,7034.434570
2658,334.881,1.302671,7029.632813
2659,335.007,1.303347,7033.950684
2660,335.133,1.302871,7033.023926
2661,335.259,1.302946,7032.157715
2662,335.385,1.302946,7032.523926
2663,335.511,1.302271,7031.857910
2664,335.637,1.303372,7031.125000
2665,335.763,1.303472,7033.883301
2666,335.889,1.303297,7031.723633
2667,336.015,1.303096,7031.972656
2668,336.141,1.303021,7031.088867
2669,336.267,1.303622,7032.330566
2670,336.393,1.302571,7033.653809
2671,336.519,1.303246,7032.827148
2672,336.645,1.303572,7035.752930
2673,336.771,1.303522,7033.241211
2674,336.897,1.303171,7033.314453
2675,337.023,1.302871,7033.888672
