序号,时间(s),幅值(高频80K)
1,0.199,5931.96
2,0.468,5927.19
3,0.736,5935.04
4,1.005,5933.43
5,1.273,5930.65
6,1.541,5935.87
7,1.811,5935.81
8,2.079,5931.3
9,2.349,5933.97
10,2.617,5932.81
11,2.885,5930.89
12,3.153,5931.72
13,3.422,5932.09
14,3.689,5933.61
15,3.958,5932.53
16,4.226,5929.85
17,4.494,5935.24
18,4.763,5932.4
19,5.031,5935.04
20,5.3,5932.48
21,5.569,5937.85
22,5.838,5932.6
23,6.106,5933.98
24,6.374,5933.33
25,6.643,5933.43
26,6.91,5932.12
27,7.18,5931.75
28,7.448,5935.15
29,7.717,5934.68
30,7.984,5934.49
31,8.253,5934.55
32,8.521,5935.37
33,8.789,5935.21
34,9.058,5933.91
35,9.327,5934.39
36,9.594,5935.11
37,9.862,5934.98
38,10.131,5935.47
39,10.4,5934.77
40,10.669,5931.42
41,10.937,5927.99
42,11.206,5932.02
43,11.475,5928.28
44,11.743,5930.55
45,12.012,5930.98
46,12.28,5933.2
47,12.548,5930.55
48,12.817,5928.32
49,13.085,5931.1
50,13.353,5929.16
51,13.622,5932.43
52,13.891,5928.77
53,14.159,5929.73
54,14.428,5933.01
55,14.696,5929.29
56,14.964,5930.06
57,15.232,5929.81
58,15.5,5927.86
59,15.768,5928.87
60,16.036,5926.51
61,16.304,5927.64
62,16.572,5927.48
63,16.841,5927.76
64,17.109,5928.04
65,17.377,5929.6
66,17.645,5927.91
67,17.912,5927.42
68,18.182,5927.27
69,18.451,5926.04
70,18.719,5929.41
71,18.987,5929.05
72,19.255,5927.68
73,19.523,5927.33
74,19.792,5928.25
75,20.059,5928.09
76,20.328,5924.66
77,20.595,5928.44
78,20.863,5930.71
79,21.132,5928.85
80,21.4,5930.65
81,21.669,5927.55
82,21.938,5929.99
83,22.206,5930.67
84,22.473,5928.46
85,22.741,5930.64
86,23.009,5931.31
87,23.278,5927.36
88,23.547,5930.07
89,23.815,5926.9
90,24.083,5930.39
91,24.351,5931.34
92,24.619,5932.66
93,24.888,5932.24
94,25.156,5930.38
95,25.423,5929.84
96,25.692,5930.93
97,25.959,5929.5
98,26.227,5929.9
99,26.496,5931.84
100,26.764,5932.3
101,27.033,5933.34
102,27.301,5933.34
103,27.569,5930.0
104,27.837,5931.04
105,28.105,5933.22
106,28.374,5931.35
107,28.642,5928.02
108,28.911,5932.92
109,29.179,5930.67
110,29.448,5931.71
111,29.716,5930.63
112,29.986,5932.04
113,30.254,5931.37
114,30.522,5934.27
115,30.791,5931.4
116,31.059,5934.39
117,31.328,5933.68
118,31.596,5940.81
119,31.865,5936.84
120,32.133,5929.79
121,32.4,5930.94
122,32.669,5927.4
123,32.937,5928.57
124,33.205,5926.86
125,33.473,5926.24
126,33.741,5924.98
127,34.01,5926.83
128,34.278,5925.21
129,34.548,5923.62
130,34.816,5922.59
131,35.084,5923.05
132,35.352,5921.04
133,35.619,5923.04
134,35.888,5922.05
135,36.156,5924.52
136,36.424,5923.16
137,36.693,5923.06
138,36.961,5927.1
139,37.229,5923.52
140,37.497,5923.52
141,37.766,5923.84
142,38.034,5924.36
143,38.302,5920.77
144,38.572,5920.13
145,38.839,5921.38
146,39.107,5921.9
147,39.375,5923.24
148,39.645,5924.6
149,39.913,5923.34
150,40.18,5926.38
151,40.449,5926.28
152,40.717,5926.97
153,40.984,5921.98
154,41.253,5927.02
155,41.522,5923.31
156,41.789,5927.62
157,42.058,5927.26
158,42.326,5927.62
159,42.594,5920.69
160,42.863,5924.4
161,43.13,5924.94
162,43.398,5921.94
163,43.666,5925.24
164,43.934,5927.12
165,44.203,5928.68
166,44.471,5925.6
167,44.739,5927.55
168,45.007,5930.72
169,45.275,5925.64
170,45.544,5930.15
171,45.812,5928.63
172,46.08,5928.67
173,46.348,5927.89
174,46.616,5925.13
175,46.884,5925.78
176,47.152,5926.37
177,47.42,5924.5
178,47.688,5925.15
179,47.956,5923.77
180,48.224,5925.49
181,48.491,5927.47
182,48.759,5924.09
183,49.027,5925.54
184,49.295,5924.22
185,49.563,5923.79
186,49.833,5927.25
187,50.1,5930.04
188,50.369,5925.89
189,50.637,5926.74
190,50.904,5928.8
191,51.173,5928.12
192,51.442,5928.66
193,51.709,5928.5
194,51.978,5928.8
195,52.245,5929.22
196,52.515,5929.66
197,52.782,5927.59
198,53.051,5926.4
199,53.318,5926.32
200,53.587,5922.93
201,53.854,5922.21
202,54.123,5925.46
203,54.39,5922.66
204,54.658,5923.3
205,54.927,5926.13
206,55.195,5924.61
207,55.461,5924.78
208,55.73,5923.77
209,55.997,5923.23
210,56.266,5921.79
211,56.535,5923.95
212,56.803,5921.21
213,57.07,5918.78
214,57.339,5922.73
215,57.606,5923.53
216,57.874,5922.83
217,58.142,5922.41
218,58.409,5919.65
219,58.677,5920.94
220,58.945,5917.6
221,59.212,5911.85
222,59.481,5904.93
223,59.749,5905.95
224,60.017,5900.01
225,60.286,5894.51
226,60.554,5894.24
227,60.825,5893.6
228,61.092,5888.75
229,61.36,5889.11
230,61.628,5892.05
231,61.897,5885.0
232,62.165,5889.36
233,62.434,5889.9
234,62.702,5889.49
235,62.97,5887.95
236,63.239,5887.56
237,63.507,5888.23
238,63.776,5887.74
239,64.044,5888.06
240,64.312,5884.6
241,64.58,5885.07
242,64.848,5885.96
243,65.116,5886.11
244,65.384,5887.26
245,65.652,5886.31
246,65.92,5884.04
247,66.189,5888.64
248,66.458,5887.63
249,66.726,5886.96
250,66.994,5887.1
251,67.263,5888.62
252,67.53,5886.17
253,67.799,5887.85
254,68.066,5889.72
255,68.335,5889.0
256,68.602,5886.98
257,68.871,5887.18
258,69.139,5888.33
259,69.407,5889.0
260,69.674,5889.02
261,69.942,5889.54
262,70.211,5890.98
263,70.479,5888.96
264,70.746,5888.55
265,71.014,5889.45
266,71.282,5886.43
267,71.55,5884.42
268,71.819,5887.1
269,72.087,5887.22
270,72.357,5886.49
271,72.624,5889.06
272,72.892,5889.5
273,73.16,5889.19
274,73.428,5891.59
275,73.697,5891.58
276,73.964,5891.91
277,74.233,5891.62
278,74.501,5891.27
279,74.769,5892.35
280,75.037,5891.44
281,75.306,5893.19
282,75.573,5890.11
283,75.841,5893.56
284,76.109,5893.16
285,76.378,5891.83
286,76.647,5892.89
287,76.915,5894.73
288,77.183,5892.99
289,77.45,5895.89
290,77.719,5893.65
291,77.987,5897.03
292,78.255,5899.95
293,78.524,5896.16
294,78.792,5893.66
295,79.061,5897.35
296,79.33,5899.44
297,79.598,5895.21
298,79.867,5899.2
299,80.135,5901.62
300,80.402,5902.3
301,80.671,5899.26
302,80.939,5900.77
303,81.207,5901.86
304,81.476,5904.62
305,81.745,5901.4
306,82.013,5903.73
307,82.281,5905.08
308,82.55,5902.86
309,82.818,5904.17
310,83.087,5905.56
311,83.354,5904.41
312,83.622,5907.77
313,83.89,5906.65
314,84.157,5908.58
315,84.425,5911.35
316,84.694,5908.45
317,84.962,5910.65
318,85.231,5910.53
319,85.499,5909.98
320,85.769,5912.44
321,86.037,5911.2
322,86.305,5912.51
323,86.573,5917.68
324,86.841,5913.43
325,87.108,5916.78
326,87.377,5913.26
327,87.645,5917.24
328,87.914,5917.22
329,88.182,5919.78
330,88.449,5919.68
331,88.717,5921.07
332,88.987,5919.03
333,89.255,5922.66
334,89.523,5922.95
335,89.791,5920.78
336,90.059,5919.19
337,90.328,5920.58
338,90.596,5922.82
339,90.864,5920.74
340,91.133,5915.31
341,91.401,5919.6
342,91.669,5919.31
343,91.937,5919.04
344,92.205,5919.3
345,92.473,5921.59
346,92.742,5921.28
347,93.01,5922.48
348,93.278,5923.96
349,93.546,5923.61
350,93.814,5923.54
351,94.083,5927.56
352,94.351,5928.8
353,94.619,5930.76
354,94.888,5927.46
355,95.156,5925.09
356,95.424,5930.82
357,95.693,5927.71
358,95.961,5927.66
359,96.229,5932.24
360,96.497,5929.11
361,96.765,5929.8
362,97.033,5929.7
363,97.301,5928.26
364,97.568,5936.33
365,97.837,5930.41
366,98.106,5930.79
367,98.374,5933.25
368,98.642,5934.16
369,98.912,5931.95
370,99.18,5932.26
371,99.447,5929.35
372,99.715,5932.34
373,99.984,5931.0
374,100.252,5931.51
375,100.521,5936.38
376,100.79,5936.87
377,101.059,5937.76
378,101.327,5932.56
379,101.594,5934.88
380,101.863,5931.97
381,102.132,5931.4
382,102.4,5926.08
383,102.667,5929.49
384,102.936,5928.86
385,103.204,5931.95
386,103.472,5929.57
387,103.741,5929.41
388,104.008,5931.8
389,104.276,5930.21
390,104.544,5929.1
391,104.812,5928.8
392,105.081,5929.06
393,105.349,5925.54
394,105.616,5926.9
395,105.884,5928.99
396,106.152,5927.16
397,106.42,5926.51
398,106.688,5927.09
399,106.956,5927.35
400,107.225,5929.16
401,107.493,5929.35
402,107.762,5930.55
403,108.03,5927.31
404,108.298,5925.91
405,108.566,5925.24
406,108.834,5929.12
407,109.102,5928.94
408,109.37,5927.36
409,109.638,5930.74
410,109.906,5927.99
411,110.174,5928.24
412,110.441,5925.61
413,110.709,5927.71
414,110.977,5930.98
415,111.245,5931.07
416,111.513,5929.2
417,111.781,5926.97
418,112.049,5924.03
419,112.317,5927.87
420,112.585,5930.4
421,112.852,5931.38
422,113.121,5927.4
423,113.389,5930.83
424,113.657,5924.59
425,113.924,5925.55
426,114.193,5927.81
427,114.46,5929.25
428,114.729,5927.71
429,114.997,5925.66
430,115.264,5930.91
431,115.532,5928.1
432,115.8,5929.47
433,116.069,5929.13
434,116.337,5927.54
435,116.606,5925.92
436,116.873,5930.16
437,117.142,5926.59
438,117.41,5927.83
439,117.677,5928.03
440,117.945,5931.86
441,118.213,5932.27
442,118.48,5931.84
443,118.747,5931.57
444,119.016,5930.28
445,119.285,5928.21
446,119.552,5932.09
447,119.82,5928.2
448,120.088,5925.1
449,120.355,5928.83
450,120.623,5933.03
451,120.892,5932.99
452,121.159,5929.71
453,121.427,5932.62
454,121.695,5930.41
455,121.963,5934.33
456,122.231,5934.65
457,122.499,5929.24
458,122.767,5930.84
459,123.035,5930.79
460,123.303,5933.71
461,123.572,5933.14
462,123.839,5932.59
463,124.107,5933.68
464,124.375,5933.73
465,124.642,5932.83
466,124.91,5932.61
467,125.178,5933.85
468,125.447,5932.23
469,125.715,5936.37
470,125.984,5931.19
471,126.252,5932.28
472,126.52,5935.52
473,126.788,5934.84
474,127.055,5933.07
475,127.323,5937.45
476,127.591,5930.54
477,127.859,5928.68
478,128.127,5933.78
479,128.396,5935.17
480,128.664,5934.48
481,128.931,5936.41
482,129.2,5931.76
483,129.469,5932.09
484,129.737,5932.88
485,130.006,5934.61
486,130.274,5934.7
487,130.542,5933.6
488,130.81,5934.16
489,131.078,5934.44
490,131.345,5934.19
491,131.613,5938.82
492,131.883,5936.89
493,132.15,5938.84
494,132.419,5939.19
495,132.689,5937.66
496,132.956,5938.69
497,133.225,5939.83
498,133.492,5936.77
499,133.761,5935.72
500,134.03,5937.24
501,134.297,5936.73
502,134.565,5939.24
503,134.832,5938.23
504,135.1,5936.52
505,135.368,5936.87
506,135.636,5940.36
507,135.904,5937.68
508,136.172,5936.89
509,136.44,5937.33
510,136.708,5939.71
511,136.976,5935.86
512,137.244,5936.73
513,137.512,5940.54
514,137.78,5937.21
515,138.048,5937.48
516,138.316,5936.48
517,138.584,5937.33
518,138.853,5935.69
519,139.12,5929.5
520,139.388,5933.8
521,139.656,5935.16
522,139.923,5938.36
523,140.19,5938.48
524,140.458,5937.87
525,140.726,5937.89
526,140.994,5938.78
527,141.262,5936.13
528,141.529,5938.98
529,141.798,5937.56
530,142.065,5934.36
531,142.333,5936.43
532,142.6,5938.21
533,142.868,5938.74
534,143.136,5935.26
535,143.403,5936.74
536,143.673,5938.95
537,143.941,5936.88
538,144.209,5935.01
539,144.477,5938.2
540,144.746,5938.66
541,145.016,5943.24
542,145.282,5939.08
543,145.55,5943.17
544,145.819,5938.68
545,146.087,5942.08
546,146.354,5937.84
547,146.622,5930.46
548,146.89,5937.34
549,147.158,5935.91
550,147.426,5933.6
551,147.694,5933.62
552,147.961,5928.77
553,148.229,5935.61
554,148.498,5929.58
555,148.766,5933.05
556,149.035,5929.49
557,149.303,5911.87
558,149.571,5903.49
559,149.84,5904.5
560,150.108,5904.85
561,150.378,5902.94
562,150.645,5896.09
563,150.914,5898.32
564,151.182,5903.24
565,151.451,5899.71
566,151.719,5900.33
567,151.988,5895.83
568,152.257,5900.15
569,152.524,5899.99
570,152.793,5900.38
571,153.062,5899.92
572,153.328,5895.69
573,153.597,5897.62
574,153.867,5895.4
575,154.134,5896.41
576,154.403,5898.8
577,154.671,5893.31
578,154.939,5893.11
579,155.208,5894.55
580,155.476,5894.95
581,155.746,5893.37
582,156.013,5897.24
583,156.281,5893.99
584,156.549,5893.09
585,156.817,5896.22
586,157.086,5895.25
587,157.356,5896.74
588,157.625,5895.07
589,157.894,5898.77
590,158.163,5893.33
591,158.43,5894.81
592,158.699,5894.49
593,158.967,5896.33
594,159.235,5895.01
595,159.503,5898.83
596,159.771,5892.91
597,160.038,5898.72
598,160.308,5897.29
599,160.576,5898.12
600,160.843,5898.7
601,161.112,5899.83
602,161.38,5898.64
603,161.648,5897.48
604,161.915,5901.3
605,162.183,5898.12
606,162.451,5901.88
607,162.72,5903.11
608,162.988,5903.53
609,163.256,5897.99
610,163.525,5903.39
611,163.793,5903.71
612,164.062,5901.58
613,164.33,5900.9
614,164.599,5900.8
615,164.868,5900.15
616,165.137,5900.25
617,165.404,5903.87
618,165.671,5902.26
619,165.94,5900.22
620,166.209,5903.6
621,166.477,5901.94
622,166.745,5904.28
623,167.014,5906.92
624,167.282,5905.54
625,167.55,5909.55
626,167.817,5910.73
627,168.087,5913.48
628,168.354,5914.15
629,168.621,5916.31
630,168.889,5913.37
631,169.158,5911.83
632,169.426,5915.82
633,169.694,5915.44
634,169.962,5913.37
635,170.231,5917.93
636,170.499,5915.68
637,170.766,5914.96
638,171.034,5916.64
639,171.302,5917.76
640,171.571,5914.41
641,171.839,5914.56
642,172.106,5920.18
643,172.374,5917.99
644,172.642,5918.58
645,172.91,5919.94
646,173.178,5921.32
647,173.445,5922.24
648,173.713,5920.27
649,173.981,5923.38
650,174.249,5924.93
651,174.517,5923.68
652,174.784,5924.05
653,175.053,5924.68
654,175.321,5924.24
655,175.589,5925.94
656,175.857,5926.62
657,176.125,5924.6
658,176.393,5928.09
659,176.661,5924.86
660,176.929,5929.99
661,177.197,5926.43
662,177.466,5926.94
663,177.734,5925.54
664,178.002,5930.41
665,178.27,5927.9
666,178.537,5930.88
667,178.806,5930.68
668,179.073,5931.81
669,179.341,5927.97
670,179.609,5925.81
671,179.877,5931.22
672,180.146,5929.17
673,180.414,5928.12
674,180.682,5930.41
675,180.949,5931.33
676,181.217,5929.18
677,181.485,5931.61
678,181.752,5931.37
679,182.02,5931.95
680,182.29,5930.92
681,182.558,5932.91
682,182.826,5933.54
683,183.094,5933.74
684,183.363,5933.24
685,183.63,5932.55
686,183.899,5932.78
687,184.166,5931.71
688,184.434,5934.36
689,184.702,5935.2
690,184.97,5936.97
691,185.239,5936.61
692,185.506,5934.2
693,185.775,5935.97
694,186.043,5938.74
695,186.31,5935.32
696,186.578,5940.03
697,186.847,5935.87
698,187.113,5936.07
699,187.381,5937.77
700,187.65,5937.21
701,187.918,5936.24
702,188.186,5936.95
703,188.454,5937.51
704,188.722,5935.32
705,188.99,5942.08
706,189.259,5939.48
707,189.527,5938.56
708,189.795,5937.35
709,190.063,5937.02
710,190.331,5938.59
711,190.599,5938.38
712,190.867,5938.64
713,191.136,5939.32
714,191.404,5942.65
715,191.672,5940.83
716,191.94,5941.45
717,192.209,5939.68
718,192.478,5938.6
719,192.746,5940.12
720,193.014,5944.46
721,193.282,5940.85
722,193.55,5942.08
723,193.818,5945.24
724,194.086,5943.48
725,194.354,5942.48
726,194.623,5942.86
727,194.891,5945.54
728,195.158,5941.2
729,195.427,5944.89
730,195.694,5944.3
731,195.964,5940.95
732,196.232,5941.32
733,196.5,5948.12
734,196.768,5940.7
735,197.037,5942.41
736,197.305,5934.6
737,197.572,5940.32
738,197.84,5941.84
739,198.108,5940.38
740,198.376,5935.69
741,198.643,5939.59
742,198.912,5938.13
743,199.178,5937.58
744,199.446,5939.26
745,199.715,5935.78
746,199.982,5936.71
747,200.25,5935.22
748,200.517,5936.59
749,200.785,5939.06
750,201.053,5938.84
751,201.321,5938.4
752,201.589,5937.99
753,201.857,5938.66
754,202.125,5936.06
755,202.394,5937.0
756,202.661,5937.58
757,202.929,5937.01
758,203.196,5934.75
759,203.464,5938.16
760,203.733,5936.75
761,204.001,5934.3
762,204.27,5936.34
763,204.538,5935.09
764,204.807,5936.53
765,205.075,5938.71
766,205.344,5937.54
767,205.612,5934.86
768,205.88,5933.63
769,206.147,5931.36
770,206.416,5928.3
771,206.683,5934.4
772,206.951,5928.39
773,207.219,5932.01
774,207.487,5929.7
775,207.754,5926.13
776,208.024,5924.29
777,208.292,5926.18
778,208.559,5930.76
779,208.827,5927.14
780,209.096,5927.31
781,209.363,5925.92
782,209.632,5924.43
783,209.9,5927.18
784,210.169,5925.75
785,210.436,5927.18
786,210.704,5926.91
787,210.972,5926.26
788,211.239,5928.62
789,211.507,5929.29
790,211.774,5932.69
791,212.042,5927.13
792,212.311,5923.7
793,212.579,5925.22
794,212.848,5923.03
795,213.115,5923.93
796,213.384,5922.91
797,213.652,5925.1
798,213.92,5923.82
799,214.188,5926.02
800,214.456,5925.19
801,214.725,5928.83
802,214.994,5925.61
803,215.261,5929.92
804,215.528,5923.97
805,215.796,5928.21
806,216.063,5926.83
807,216.332,5926.48
808,216.599,5926.75
809,216.866,5924.71
810,217.134,5926.88
811,217.403,5929.56
812,217.669,5931.07
813,217.937,5929.55
814,218.205,5933.76
815,218.472,5930.98
816,218.739,5928.93
817,219.006,5931.08
818,219.275,5931.27
819,219.544,5928.83
820,219.812,5927.86
821,220.081,5936.01
822,220.348,5933.5
823,220.616,5931.98
824,220.884,5928.55
825,221.152,5927.68
826,221.42,5925.98
827,221.687,5921.42
828,221.955,5913.16
829,222.224,5906.16
830,222.493,5906.66
831,222.76,5900.66
832,223.028,5899.03
833,223.296,5899.05
834,223.564,5901.0
835,223.833,5898.49
836,224.101,5901.68
837,224.369,5898.48
838,224.637,5896.67
839,224.905,5893.62
840,225.174,5894.91
841,225.442,5892.32
842,225.71,5893.62
843,225.979,5897.95
844,226.247,5894.06
845,226.515,5891.62
846,226.783,5893.24
847,227.051,5891.76
848,227.319,5892.48
849,227.588,5893.72
850,227.856,5890.72
851,228.124,5892.33
852,228.392,5893.66
853,228.66,5894.25
854,228.927,5894.01
855,229.196,5895.11
856,229.465,5894.31
857,229.734,5894.47
858,230.001,5890.52
859,230.269,5895.7
860,230.538,5896.49
861,230.806,5894.31
862,231.075,5897.71
863,231.342,5894.74
864,231.61,5898.5
865,231.878,5888.9
866,232.146,5896.46
867,232.414,5901.99
868,232.682,5900.46
869,232.951,5899.71
870,233.219,5904.43
871,233.487,5901.44
872,233.756,5903.45
873,234.024,5901.54
874,234.292,5902.94
875,234.561,5902.23
876,234.83,5905.93
877,235.099,5906.84
878,235.368,5906.95
879,235.637,5902.06
880,235.905,5904.02
881,236.174,5906.45
882,236.442,5906.37
883,236.71,5905.44
884,236.978,5904.27
885,237.246,5903.77
886,237.515,5908.46
887,237.784,5909.64
888,238.052,5908.0
889,238.32,5901.54
890,238.589,5901.16
891,238.858,5900.79
892,239.126,5901.65
893,239.394,5900.66
894,239.663,5900.74
895,239.931,5904.74
896,240.2,5897.71
897,240.468,5899.97
898,240.737,5901.96
899,241.005,5900.92
900,241.273,5904.43
901,241.541,5903.62
902,241.808,5903.87
903,242.077,5902.55
904,242.345,5902.51
905,242.613,5904.92
906,242.881,5904.16
907,243.15,5906.52
908,243.418,5903.18
909,243.687,5904.26
910,243.954,5900.21
911,244.223,5903.99
912,244.491,5907.24
913,244.76,5907.93
914,245.029,5904.49
915,245.297,5906.41
916,245.565,5907.92
917,245.833,5908.33
918,246.102,5907.32
919,246.37,5904.25
920,246.638,5907.6
921,246.907,5908.84
922,247.176,5906.9
923,247.444,5908.06
924,247.712,5910.52
925,247.979,5910.49
926,248.249,5908.3
927,248.517,5910.83
928,248.785,5913.84
929,249.053,5904.52
930,249.321,5910.7
931,249.589,5910.87
932,249.856,5911.41
933,250.123,5912.72
934,250.391,5908.37
935,250.66,5913.81
936,250.927,5911.47
937,251.195,5912.39
938,251.463,5911.65
939,251.732,5911.57
940,252.001,5912.1
941,252.27,5914.35
942,252.539,5915.72
943,252.807,5915.97
944,253.076,5915.38
945,253.345,5916.47
946,253.613,5914.35
947,253.881,5913.6
948,254.149,5918.75
949,254.416,5915.02
950,254.684,5916.75
951,254.952,5916.19
952,255.22,5916.93
953,255.488,5915.72
954,255.756,5915.38
955,256.024,5917.4
956,256.291,5916.44
957,256.56,5917.53
958,256.829,5916.29
959,257.099,5915.29
960,257.366,5916.99
961,257.635,5918.26
962,257.902,5918.17
963,258.17,5914.27
964,258.438,5912.5
965,258.707,5918.2
966,258.974,5917.37
967,259.242,5918.54
968,259.509,5915.12
969,259.777,5918.73
970,260.044,5919.51
971,260.314,5917.79
972,260.581,5918.18
973,260.848,5913.96
974,261.116,5921.06
975,261.386,5921.35
976,261.654,5921.93
977,261.922,5922.47
978,262.192,5920.71
979,262.459,5923.72
980,262.726,5922.18
981,262.995,5918.08
982,263.264,5915.51
983,263.534,5918.19
984,263.801,5915.18
985,264.071,5915.24
986,264.338,5916.93
987,264.605,5920.47
988,264.872,5918.99
989,265.14,5916.85
990,265.408,5916.66
991,265.677,5919.08
992,265.945,5919.7
993,266.213,5922.25
994,266.481,5920.23
995,266.749,5923.32
996,267.018,5924.85
997,267.287,5922.79
998,267.555,5925.55
999,267.823,5921.41
1000,268.092,5922.83
1001,268.359,5922.52
1002,268.626,5924.55
1003,268.894,5925.71
1004,269.162,5924.42
1005,269.429,5922.41
1006,269.697,5924.36
1007,269.964,5922.75
1008,270.231,5925.98
1009,270.499,5920.06
1010,270.766,5922.5
1011,271.034,5919.97
1012,271.303,5925.7
1013,271.57,5923.47
1014,271.837,5927.38
1015,272.105,5923.08
1016,272.373,5922.46
1017,272.642,5923.53
1018,272.909,5923.32
1019,273.176,5922.24
1020,273.446,5919.86
1021,273.715,5918.5
1022,273.983,5919.67
1023,274.25,5919.3
1024,274.518,5919.01
1025,274.785,5920.8
1026,275.055,5921.56
1027,275.323,5920.96
1028,275.592,5917.48
1029,275.86,5921.74
1030,276.128,5918.75
1031,276.396,5918.66
1032,276.663,5921.69
1033,276.931,5917.78
1034,277.2,5919.57
1035,277.469,5916.05
1036,277.737,5918.96
1037,278.005,5919.69
1038,278.274,5921.98
1039,278.543,5918.4
1040,278.811,5920.86
1041,279.079,5917.79
1042,279.347,5917.56
1043,279.614,5920.01
1044,279.882,5917.97
1045,280.151,5921.97
1046,280.42,5919.08
1047,280.69,5918.71
1048,280.957,5918.16
1049,281.224,5917.74
1050,281.492,5921.44
1051,281.76,5919.76
1052,282.03,5915.99
1053,282.298,5919.98
1054,282.566,5920.06
1055,282.834,5920.27
1056,283.102,5920.1
1057,283.37,5922.82
1058,283.639,5920.99
1059,283.907,5917.71
1060,284.175,5923.38
1061,284.444,5925.31
1062,284.713,5923.33
1063,284.98,5921.02
1064,285.248,5920.37
1065,285.516,5922.97
1066,285.785,5923.66
1067,286.053,5927.89
1068,286.321,5923.7
1069,286.588,5923.86
1070,286.855,5921.55
1071,287.122,5921.93
1072,287.39,5920.29
1073,287.658,5917.23
1074,287.926,5917.68
1075,288.194,5918.94
1076,288.462,5919.77
1077,288.73,5919.33
1078,288.998,5919.43
1079,289.266,5917.94
1080,289.536,5916.97
1081,289.804,5916.63
1082,290.071,5917.65
1083,290.34,5913.37
1084,290.608,5913.48
1085,290.876,5914.89
1086,291.145,5915.71
1087,291.412,5913.08
1088,291.681,5917.39
1089,291.949,5913.63
1090,292.217,5915.57
1091,292.485,5915.4
1092,292.754,5916.03
1093,293.022,5918.16
1094,293.289,5917.54
1095,293.559,5916.92
1096,293.827,5916.36
1097,294.095,5915.57
1098,294.365,5914.5
1099,294.633,5918.53
1100,294.902,5918.68
1101,295.169,5920.69
1102,295.438,5922.92
1103,295.706,5920.51
1104,295.975,5921.66
1105,296.244,5928.54
1106,296.513,5923.99
1107,296.78,5919.17
1108,297.049,5919.53
1109,297.316,5920.48
1110,297.584,5918.65
1111,297.852,5911.43
1112,298.12,5918.7
1113,298.388,5913.16
1114,298.657,5916.33
1115,298.924,5912.34
1116,299.192,5915.07
1117,299.461,5914.29
1118,299.73,5915.61
1119,299.999,5915.0
1120,300.266,5915.96
1121,300.534,5905.65
1122,300.802,5891.43
1123,301.071,5892.5
1124,301.339,5885.88
1125,301.607,5887.72
1126,301.875,5887.36
1127,302.143,5890.13
1128,302.411,5893.99
1129,302.679,5890.32
1130,302.947,5890.5
1131,303.215,5890.39
1132,303.483,5887.1
1133,303.751,5884.92
1134,304.019,5885.13
1135,304.287,5886.08
1136,304.556,5882.63
1137,304.824,5883.74
1138,305.091,5885.22
1139,305.36,5883.34
1140,305.628,5884.84
1141,305.896,5887.26
1142,306.163,5885.69
1143,306.432,5884.64
1144,306.7,5886.62
1145,306.968,5886.37
1146,307.235,5886.46
1147,307.504,5887.48
1148,307.771,5885.85
1149,308.04,5883.72
1150,308.308,5887.73
1151,308.576,5890.91
1152,308.843,5889.99
1153,309.111,5888.66
1154,309.379,5890.44
1155,309.647,5887.06
1156,309.915,5889.83
1157,310.183,5888.14
1158,310.45,5890.35
1159,310.718,5888.66
1160,310.986,5890.91
1161,311.255,5890.76
1162,311.522,5893.77
1163,311.79,5889.06
1164,312.059,5891.54
1165,312.327,5894.7
1166,312.595,5893.33
1167,312.864,5890.66
1168,313.132,5893.05
1169,313.401,5894.56
1170,313.67,5893.27
1171,313.938,5889.21
1172,314.206,5890.99
1173,314.474,5887.34
1174,314.742,5893.91
1175,315.011,5893.63
1176,315.28,5899.8
1177,315.547,5892.14
1178,315.815,5894.57
1179,316.083,5892.77
1180,316.352,5896.38
1181,316.62,5896.23
1182,316.888,5897.18
1183,317.156,5897.43
1184,317.424,5898.76
1185,317.692,5899.5
1186,317.961,5900.45
1187,318.229,5904.41
1188,318.497,5900.9
1189,318.765,5901.0
1190,319.033,5904.21
1191,319.302,5899.38
1192,319.57,5901.42
1193,319.838,5902.09
1194,320.106,5900.45
1195,320.374,5904.78
1196,320.642,5904.19
1197,320.911,5908.1
1198,321.179,5901.99
1199,321.447,5904.88
1200,321.714,5907.61
1201,321.983,5908.29
1202,322.252,5908.36
1203,322.519,5903.68
1204,322.788,5906.8
1205,323.056,5909.62
1206,323.324,5908.13
1207,323.593,5909.92
1208,323.861,5906.44
1209,324.13,5907.44
1210,324.398,5909.46
1211,324.666,5911.37
1212,324.934,5911.5
1213,325.203,5911.5
1214,325.472,5911.4
1215,325.74,5910.74
1216,326.009,5911.25
1217,326.277,5912.5
1218,326.545,5909.01
1219,326.813,5911.34
1220,327.08,5911.87
1221,327.348,5910.55
1222,327.617,5913.66
1223,327.885,5910.22
1224,328.155,5913.73
1225,328.422,5912.14
1226,328.691,5912.93
1227,328.959,5913.05
1228,329.227,5912.98
1229,329.496,5914.41
1230,329.764,5912.7
1231,330.032,5912.87
1232,330.3,5912.78
1233,330.57,5915.79
1234,330.837,5916.69
1235,331.106,5916.74
1236,331.375,5917.65
1237,331.643,5916.28
1238,331.911,5914.86
1239,332.18,5916.97
1240,332.448,5920.34
1241,332.716,5914.26
1242,332.984,5914.86
1243,333.252,5914.69
1244,333.52,5913.33
1245,333.788,5913.31
1246,334.057,5911.25
1247,334.325,5909.19
1248,334.594,5910.83
1249,334.862,5906.96
1250,335.13,5908.84
1251,335.398,5908.93
1252,335.666,5906.19
1253,335.934,5908.54
1254,336.202,5913.09
1255,336.471,5911.03
1256,336.739,5912.93
1257,337.007,5914.48
1258,337.275,5915.69
1259,337.543,5916.46
1260,337.811,5919.4
1261,338.08,5915.67
1262,338.348,5916.49
1263,338.616,5918.16
1264,338.885,5915.07
1265,339.152,5918.24
1266,339.419,5920.19
1267,339.687,5919.8
1268,339.956,5921.02
1269,340.224,5916.16
1270,340.491,5919.35
1271,340.76,5921.78
1272,341.028,5923.69
1273,341.297,5918.89
1274,341.565,5917.63
1275,341.834,5920.23
1276,342.101,5917.69
1277,342.369,5920.08
1278,342.638,5922.13
1279,342.906,5914.85
1280,343.175,5913.9
1281,343.443,5914.79
1282,343.712,5914.4
1283,343.981,5912.05
1284,344.249,5909.91
1285,344.517,5910.5
1286,344.786,5911.73
1287,345.055,5910.61
1288,345.322,5908.94
1289,345.59,5909.77
1290,345.858,5911.22
1291,346.126,5909.46
1292,346.394,5908.85
1293,346.662,5909.97
1294,346.93,5908.08
1295,347.198,5910.31
1296,347.467,5911.25
1297,347.734,5914.11
1298,348.002,5911.07
1299,348.27,5909.94
1300,348.538,5911.71
1301,348.806,5910.34
1302,349.073,5909.12
1303,349.341,5906.7
1304,349.609,5911.04
1305,349.877,5909.25
1306,350.146,5912.22
1307,350.414,5909.13
1308,350.682,5910.14
1309,350.95,5910.96
1310,351.217,5908.82
1311,351.486,5907.63
1312,351.753,5909.87
1313,352.02,5910.7
1314,352.288,5910.54
1315,352.555,5912.05
1316,352.824,5912.37
1317,353.092,5908.53
1318,353.359,5909.46
1319,353.627,5910.02
1320,353.895,5908.84
1321,354.162,5910.06
1322,354.43,5910.2
1323,354.699,5908.72
1324,354.966,5906.1
1325,355.235,5906.09
1326,355.503,5909.78
1327,355.771,5907.34
1328,356.04,5907.51
1329,356.308,5909.26
1330,356.575,5910.82
1331,356.844,5910.1
1332,357.113,5908.48
1333,357.381,5910.16
1334,357.649,5906.49
1335,357.918,5909.23
1336,358.186,5906.85
1337,358.455,5907.4
1338,358.721,5906.01
1339,358.99,5904.01
1340,359.258,5907.35
1341,359.527,5903.2
1342,359.795,5905.78
1343,360.062,5903.13
1344,360.331,5904.25
1345,360.6,5903.13
1346,360.869,5906.42
1347,361.137,5905.19
1348,361.405,5903.99
1349,361.673,5901.88
1350,361.942,5903.93
1351,362.211,5905.13
1352,362.481,5903.95
1353,362.749,5904.26
1354,363.017,5902.97
1355,363.286,5901.29
1356,363.554,5904.11
1357,363.822,5907.93
1358,364.09,5903.29
1359,364.359,5900.04
1360,364.627,5904.36
1361,364.895,5903.8
1362,365.164,5904.64
1363,365.431,5903.09
1364,365.7,5904.44
1365,365.968,5909.8
1366,366.235,5900.62
1367,366.503,5898.16
1368,366.77,5898.24
1369,367.039,5900.06
1370,367.307,5899.35
1371,367.575,5901.71
1372,367.843,5894.52
1373,368.11,5895.15
1374,368.377,5894.88
1375,368.646,5896.72
1376,368.916,5894.81
1377,369.184,5896.89
1378,369.453,5902.6
1379,369.722,5899.18
1380,369.99,5896.67
1381,370.258,5900.17
1382,370.527,5898.17
1383,370.794,5896.35
1384,371.061,5895.86
1385,371.329,5893.04
1386,371.598,5896.32
1387,371.866,5896.11
1388,372.135,5894.1
1389,372.403,5896.14
1390,372.672,5897.92
1391,372.941,5896.65
1392,373.21,5896.5
1393,373.477,5898.49
1394,373.746,5895.42
1395,374.014,5896.65
1396,374.282,5896.01
1397,374.551,5898.8
1398,374.819,5897.35
1399,375.086,5900.16
1400,375.355,5903.52
1401,375.622,5898.88
1402,375.889,5894.08
1403,376.157,5896.34
1404,376.426,5892.71
1405,376.693,5894.77
1406,376.962,5894.83
1407,377.231,5894.71
1408,377.499,5892.07
1409,377.768,5892.91
1410,378.035,5893.96
1411,378.303,5891.12
1412,378.57,5892.63
1413,378.838,5892.92
1414,379.105,5896.34
1415,379.373,5890.04
1416,379.641,5885.18
1417,379.909,5878.12
1418,380.178,5869.32
1419,380.446,5864.77
1420,380.715,5860.54
1421,380.983,5864.7
1422,381.251,5863.44
1423,381.519,5863.35
1424,381.787,5863.31
1425,382.055,5865.51
1426,382.322,5862.06
1427,382.591,5860.83
1428,382.859,5861.07
1429,383.127,5859.82
1430,383.395,5861.13
1431,383.663,5861.68
1432,383.931,5862.41
1433,384.201,5859.92
1434,384.468,5861.55
1435,384.737,5862.3
1436,385.006,5861.04
1437,385.275,5857.1
1438,385.543,5863.02
1439,385.812,5865.78
1440,386.081,5864.6
1441,386.348,5866.45
1442,386.616,5865.84
1443,386.884,5864.64
1444,387.152,5863.15
1445,387.419,5864.95
1446,387.687,5865.7
1447,387.954,5863.13
1448,388.222,5867.7
1449,388.489,5865.24
1450,388.758,5867.19
1451,389.027,5869.21
1452,389.295,5867.93
1453,389.562,5863.99
1454,389.831,5868.15
1455,390.098,5869.03
1456,390.367,5869.27
1457,390.633,5870.56
1458,390.9,5870.06
1459,391.169,5870.77
1460,391.438,5869.31
1461,391.705,5871.87
1462,391.974,5871.57
1463,392.241,5872.67
1464,392.508,5871.71
1465,392.776,5871.65
1466,393.043,5872.63
1467,393.312,5872.24
1468,393.581,5873.21
1469,393.849,5873.82
1470,394.118,5871.34
1471,394.386,5873.15
1472,394.652,5873.4
1473,394.921,5873.71
1474,395.19,5875.71
1475,395.458,5874.0
1476,395.726,5878.51
1477,395.994,5877.13
1478,396.263,5876.25
1479,396.532,5876.28
1480,396.8,5879.53
1481,397.068,5880.07
1482,397.337,5877.18
1483,397.605,5879.06
1484,397.873,5879.95
1485,398.141,5879.24
1486,398.409,5881.07
1487,398.676,5885.04
1488,398.943,5882.31
1489,399.212,5880.65
1490,399.479,5881.55
1491,399.747,5880.32
1492,400.014,5882.73
1493,400.284,5883.77
1494,400.552,5885.8
1495,400.82,5887.71
1496,401.089,5886.86
1497,401.357,5886.3
1498,401.625,5881.6
1499,401.892,5887.25
1500,402.16,5886.87
1501,402.428,5887.63
1502,402.697,5888.1
1503,402.965,5885.73
1504,403.234,5885.9
1505,403.501,5886.29
1506,403.771,5887.53
1507,404.039,5891.89
1508,404.306,5889.32
1509,404.575,5888.11
1510,404.843,5890.73
1511,405.11,5891.44
1512,405.378,5883.69
1513,405.648,5877.19
1514,405.916,5879.71
1515,406.185,5876.57
1516,406.454,5883.41
1517,406.722,5887.86
1518,406.991,5884.4
1519,407.259,5888.08
1520,407.528,5881.76
1521,407.796,5882.82
1522,408.064,5882.69
1523,408.333,5882.78
1524,408.602,5884.85
1525,408.871,5884.82
1526,409.139,5884.05
1527,409.408,5885.35
1528,409.674,5884.7
1529,409.942,5884.0
1530,410.21,5881.25
1531,410.477,5884.7
1532,410.746,5883.27
1533,411.013,5884.8
1534,411.283,5882.76
1535,411.551,5886.63
1536,411.819,5885.76
1537,412.087,5887.69
1538,412.356,5887.76
1539,412.624,5887.57
1540,412.892,5885.02
1541,413.16,5882.52
1542,413.428,5887.55
1543,413.695,5886.35
1544,413.963,5885.99
1545,414.231,5886.18
1546,414.499,5888.85
1547,414.767,5887.85
1548,415.036,5888.01
1549,415.304,5884.38
1550,415.573,5890.66
1551,415.841,5882.25
1552,416.108,5885.16
1553,416.377,5884.64
1554,416.644,5887.34
1555,416.911,5888.92
1556,417.179,5886.49
1557,417.448,5886.26
1558,417.716,5883.24
1559,417.984,5888.55
1560,418.252,5884.22
1561,418.521,5885.57
1562,418.788,5888.02
1563,419.056,5884.79
1564,419.325,5888.45
1565,419.593,5884.85
1566,419.861,5887.71
1567,420.128,5883.49
1568,420.396,5884.99
1569,420.664,5884.5
1570,420.933,5889.27
1571,421.202,5887.31
1572,421.469,5889.96
1573,421.739,5889.98
1574,422.007,5889.78
1575,422.275,5889.38
1576,422.543,5885.24
1577,422.811,5886.83
1578,423.08,5890.13
1579,423.348,5891.08
1580,423.616,5887.69
1581,423.884,5888.38
1582,424.152,5889.04
1583,424.421,5889.07
1584,424.687,5888.51
1585,424.956,5890.42
1586,425.224,5890.13
1587,425.492,5889.59
1588,425.761,5891.27
1589,426.029,5893.49
1590,426.297,5891.25
1591,426.565,5886.87
1592,426.834,5892.28
1593,427.103,5888.8
1594,427.371,5890.56
1595,427.639,5888.61
1596,427.907,5892.24
1597,428.175,5890.34
1598,428.444,5889.76
1599,428.712,5891.03
1600,428.98,5896.76
1601,429.249,5890.9
1602,429.516,5892.23
1603,429.785,5888.97
1604,430.053,5889.55
1605,430.32,5893.47
1606,430.588,5891.93
1607,430.857,5892.19
1608,431.126,5891.81
1609,431.394,5887.76
1610,431.661,5890.03
1611,431.929,5891.25
1612,432.197,5892.11
1613,432.467,5894.97
1614,432.736,5886.87
1615,433.005,5890.19
1616,433.272,5890.33
1617,433.541,5890.26
1618,433.808,5886.98
1619,434.076,5889.95
1620,434.344,5886.75
1621,434.613,5889.65
1622,434.881,5889.66
1623,435.149,5892.95
1624,435.418,5890.48
1625,435.687,5891.39
1626,435.955,5888.72
1627,436.223,5884.51
1628,436.491,5882.07
1629,436.76,5881.13
1630,437.029,5881.02
1631,437.298,5878.61
1632,437.565,5883.0
1633,437.834,5880.85
1634,438.102,5880.8
1635,438.37,5882.9
1636,438.638,5879.05
1637,438.906,5877.6
1638,439.176,5880.77
1639,439.444,5879.48
1640,439.711,5880.87
1641,439.979,5881.75
1642,440.247,5880.82
1643,440.516,5878.97
1644,440.786,5876.52
1645,441.054,5879.25
1646,441.322,5880.04
1647,441.59,5877.96
1648,441.857,5879.27
1649,442.125,5879.88
1650,442.393,5881.0
1651,442.661,5882.5
1652,442.929,5881.87
1653,443.197,5882.62
1654,443.465,5882.21
1655,443.733,5882.13
1656,444.001,5881.06
1657,444.268,5881.13
1658,444.537,5880.31
1659,444.805,5881.53
1660,445.072,5879.98
1661,445.339,5880.64
1662,445.608,5878.38
1663,445.876,5880.14
1664,446.143,5880.54
1665,446.412,5878.48
1666,446.68,5876.16
1667,446.948,5877.0
1668,447.216,5877.53
1669,447.483,5876.12
1670,447.75,5880.21
1671,448.019,5878.28
1672,448.287,5877.53
1673,448.556,5876.28
1674,448.823,5878.48
1675,449.093,5877.39
1676,449.361,5874.64
1677,449.631,5875.12
1678,449.898,5877.79
1679,450.166,5876.65
1680,450.435,5879.29
1681,450.702,5876.15
1682,450.97,5878.87
1683,451.239,5878.21
1684,451.506,5877.3
1685,451.774,5878.1
1686,452.043,5880.38
1687,452.311,5878.93
1688,452.578,5876.2
1689,452.846,5878.81
1690,453.114,5877.69
1691,453.382,5879.22
1692,453.65,5878.15
1693,453.917,5880.7
1694,454.185,5878.98
1695,454.452,5879.09
1696,454.72,5877.65
1697,454.988,5878.18
1698,455.256,5875.74
1699,455.525,5878.38
1700,455.791,5877.73
1701,456.059,5876.51
1702,456.327,5877.58
1703,456.595,5878.19
1704,456.863,5880.17
1705,457.131,5882.03
1706,457.399,5881.69
1707,457.667,5883.33
1708,457.935,5879.32
1709,458.203,5880.48
1710,458.47,5878.03
1711,458.738,5879.6
1712,459.006,5880.31
1713,459.274,5880.12
1714,459.542,5878.51
1715,459.81,5877.25
1716,460.078,5877.97
1717,460.346,5878.54
1718,460.615,5874.94
1719,460.884,5877.5
1720,461.152,5879.98
1721,461.42,5878.2
1722,461.687,5877.24
1723,461.954,5875.34
1724,462.222,5873.16
1725,462.49,5874.11
1726,462.758,5877.73
1727,463.025,5878.04
1728,463.293,5876.68
1729,463.56,5876.19
1730,463.828,5875.82
1731,464.096,5874.71
1732,464.364,5876.1
1733,464.632,5877.45
1734,464.9,5877.37
1735,465.167,5879.23
1736,465.435,5878.61
1737,465.702,5875.68
1738,465.97,5875.96
1739,466.238,5877.6
1740,466.506,5875.39
1741,466.775,5874.66
1742,467.043,5873.02
1743,467.312,5875.93
1744,467.579,5877.42
1745,467.847,5878.88
1746,468.114,5872.82
1747,468.382,5877.19
1748,468.649,5877.8
1749,468.917,5880.04
1750,469.185,5878.72
1751,469.453,5878.82
1752,469.72,5878.52
1753,469.99,5878.3
1754,470.258,5877.47
1755,470.524,5879.09
1756,470.793,5878.6
1757,471.06,5880.96
1758,471.328,5878.43
1759,471.596,5880.89
1760,471.865,5879.63
1761,472.132,5878.82
1762,472.4,5878.5
1763,472.668,5879.18
1764,472.936,5877.75
1765,473.204,5879.54
1766,473.472,5880.09
1767,473.739,5877.54
1768,474.006,5876.69
1769,474.275,5878.26
1770,474.545,5878.12
1771,474.812,5872.33
1772,475.079,5874.52
1773,475.348,5871.12
1774,475.616,5874.08
1775,475.884,5875.45
1776,476.152,5871.64
1777,476.42,5870.38
1778,476.688,5873.62
1779,476.956,5873.15
1780,477.224,5870.45
1781,477.492,5872.26
1782,477.76,5872.61
1783,478.027,5870.13
1784,478.295,5870.12
1785,478.563,5869.91
1786,478.83,5870.11
1787,479.099,5871.6
1788,479.367,5868.77
1789,479.636,5869.26
1790,479.904,5869.82
1791,480.173,5871.85
1792,480.44,5870.54
1793,480.707,5871.41
1794,480.974,5872.13
1795,481.242,5872.19
1796,481.512,5871.14
1797,481.781,5870.86
1798,482.049,5870.3
1799,482.317,5874.09
1800,482.585,5875.68
1801,482.853,5875.61
1802,483.122,5870.21
1803,483.391,5876.04
1804,483.659,5869.77
1805,483.926,5870.14
1806,484.194,5868.53
1807,484.462,5870.35
1808,484.729,5871.52
1809,484.997,5871.26
1810,485.265,5870.82
1811,485.534,5870.1
1812,485.803,5874.49
1813,486.07,5871.66
1814,486.338,5870.25
1815,486.606,5872.88
1816,486.875,5869.94
1817,487.144,5865.95
1818,487.412,5866.6
1819,487.68,5866.32
1820,487.948,5869.19
1821,488.216,5864.49
1822,488.484,5864.83
1823,488.752,5861.57
1824,489.019,5864.18
1825,489.286,5862.33
1826,489.554,5861.07
1827,489.822,5859.75
1828,490.091,5862.08
1829,490.359,5859.25
1830,490.627,5859.37
1831,490.895,5858.24
1832,491.163,5857.09
1833,491.432,5862.5
1834,491.7,5860.16
1835,491.967,5856.95
1836,492.236,5856.66
1837,492.503,5856.32
1838,492.772,5860.48
1839,493.04,5856.79
1840,493.308,5857.52
1841,493.577,5857.01
1842,493.846,5861.07
1843,494.115,5858.67
1844,494.382,5859.17
1845,494.652,5858.44
1846,494.919,5856.64
1847,495.187,5857.09
1848,495.455,5853.39
1849,495.722,5851.99
1850,495.992,5850.89
1851,496.259,5852.41
1852,496.527,5853.16
1853,496.795,5857.23
1854,497.064,5854.76
1855,497.331,5852.89
1856,497.598,5852.37
1857,497.867,5853.14
1858,498.136,5853.42
1859,498.405,5850.38
1860,498.674,5844.32
1861,498.943,5849.37
1862,499.21,5847.48
1863,499.477,5848.67
1864,499.746,5851.42
1865,500.016,5850.64
1866,500.283,5853.66
1867,500.551,5849.28
1868,500.819,5848.76
1869,501.088,5848.89
1870,501.354,5851.83
1871,501.622,5845.6
1872,501.89,5846.97
1873,502.16,5845.58
1874,502.427,5845.49
1875,502.695,5845.88
1876,502.963,5840.81
1877,503.232,5839.96
1878,503.501,5842.84
1879,503.768,5842.16
1880,504.036,5837.8
1881,504.305,5837.16
1882,504.573,5838.4
1883,504.841,5836.55
1884,505.109,5838.42
1885,505.377,5837.13
1886,505.646,5837.65
1887,505.914,5837.46
1888,506.183,5842.03
1889,506.45,5836.92
1890,506.718,5837.43
1891,506.986,5840.56
1892,507.254,5837.99
1893,507.523,5835.45
1894,507.792,5836.73
1895,508.061,5833.25
1896,508.33,5838.96
1897,508.598,5845.22
1898,508.866,5841.78
1899,509.134,5839.94
1900,509.403,5839.26
1901,509.671,5839.68
1902,509.939,5839.38
1903,510.207,5842.59
1904,510.476,5841.07
1905,510.743,5843.65
1906,511.012,5844.63
1907,511.28,5842.11
1908,511.55,5844.55
1909,511.818,5845.66
1910,512.086,5843.89
1911,512.354,5847.77
1912,512.622,5846.42
1913,512.891,5843.56
1914,513.157,5843.85
1915,513.424,5847.71
1916,513.692,5847.57
1917,513.961,5846.54
1918,514.229,5846.44
1919,514.497,5846.93
1920,514.764,5844.0
1921,515.032,5850.3
1922,515.302,5847.16
1923,515.57,5845.93
1924,515.837,5850.38
1925,516.106,5850.25
1926,516.374,5851.77
1927,516.642,5850.64
1928,516.909,5850.17
1929,517.179,5851.44
1930,517.447,5852.21
1931,517.715,5852.31
1932,517.983,5854.44
1933,518.251,5852.12
1934,518.519,5848.03
1935,518.789,5845.21
1936,519.057,5850.93
1937,519.325,5852.1
1938,519.594,5852.26
1939,519.863,5851.35
1940,520.132,5852.14
1941,520.4,5852.25
1942,520.668,5854.23
1943,520.936,5855.33
1944,521.205,5858.23
1945,521.473,5858.27
1946,521.741,5858.75
1947,522.01,5853.76
1948,522.278,5856.35
1949,522.547,5860.49
1950,522.816,5859.73
1951,523.083,5861.39
1952,523.351,5861.4
1953,523.619,5857.27
1954,523.887,5859.05
1955,524.155,5860.16
1956,524.423,5859.29
1957,524.691,5859.92
1958,524.96,5854.95
1959,525.228,5860.38
1960,525.497,5860.73
1961,525.765,5861.43
1962,526.033,5858.18
1963,526.3,5862.66
1964,526.568,5865.03
1965,526.835,5865.29
1966,527.104,5862.84
1967,527.372,5864.86
1968,527.639,5868.31
1969,527.907,5864.83
1970,528.176,5865.73
1971,528.444,5870.25
1972,528.712,5866.66
1973,528.98,5865.07
1974,529.247,5867.29
1975,529.515,5866.35
1976,529.783,5867.97
1977,530.051,5866.79
1978,530.318,5868.28
1979,530.586,5868.72
1980,530.854,5868.68
1981,531.121,5869.25
1982,531.388,5870.49
1983,531.656,5871.28
1984,531.923,5869.1
1985,532.191,5866.64
1986,532.459,5870.08
1987,532.728,5870.95
1988,532.997,5870.66
1989,533.265,5870.65
1990,533.532,5869.71
1991,533.8,5873.24
1992,534.069,5870.88
1993,534.336,5870.89
1994,534.603,5871.1
1995,534.871,5874.17
1996,535.14,5871.21
1997,535.408,5876.46
1998,535.677,5874.15
1999,535.947,5875.17
2000,536.215,5880.22
2001,536.481,5875.66
2002,536.749,5875.81
2003,537.016,5876.1
2004,537.284,5874.68
2005,537.552,5875.49
2006,537.819,5873.87
2007,538.086,5872.82
2008,538.353,5872.51
2009,538.621,5875.38
2010,538.889,5874.65
2011,539.157,5875.5
2012,539.425,5874.62
2013,539.693,5875.57
2014,539.961,5874.64
2015,540.23,5872.41
2016,540.499,5871.05
2017,540.766,5873.19
2018,541.033,5875.59
2019,541.3,5872.03
2020,541.568,5873.04
2021,541.836,5873.68
2022,542.104,5871.78
2023,542.372,5871.94
2024,542.641,5875.6
2025,542.908,5871.83
2026,543.175,5872.98
2027,543.442,5873.58
2028,543.71,5876.71
2029,543.978,5874.87
2030,544.247,5878.44
2031,544.515,5872.59
2032,544.782,5873.69
2033,545.05,5874.34
2034,545.319,5876.56
2035,545.587,5878.26
2036,545.855,5876.86
2037,546.123,5871.16
2038,546.391,5873.13
2039,546.66,5878.12
2040,546.928,5881.1
2041,547.195,5876.99
2042,547.464,5876.61
2043,547.732,5873.97
2044,548.001,5874.64
2045,548.269,5877.01
2046,548.537,5873.07
2047,548.804,5874.05
2048,549.072,5875.15
2049,549.34,5873.88
2050,549.607,5876.25
2051,549.875,5870.77
2052,550.143,5875.45
2053,550.412,5879.62
2054,550.679,5875.26
2055,550.946,5877.32
2056,551.213,5879.16
2057,551.481,5878.73
2058,551.749,5879.69
2059,552.018,5878.02
2060,552.285,5877.34
2061,552.553,5879.54
2062,552.821,5878.51
2063,553.089,5883.19
2064,553.357,5883.63
2065,553.625,5882.38
2066,553.893,5880.69
2067,554.16,5884.23
2068,554.428,5883.27
2069,554.696,5881.04
2070,554.964,5878.15
2071,555.232,5880.78
2072,555.5,5881.66
2073,555.768,5882.27
2074,556.036,5878.5
2075,556.304,5879.15
2076,556.571,5879.15
2077,556.84,5876.06
2078,557.108,5881.41
2079,557.376,5882.13
2080,557.646,5878.45
2081,557.913,5882.29
2082,558.182,5878.27
2083,558.45,5880.22
2084,558.718,5880.32
2085,558.986,5879.36
2086,559.254,5878.95
2087,559.523,5878.4
2088,559.792,5882.15
2089,560.059,5881.38
2090,560.328,5877.63
2091,560.596,5880.38
2092,560.866,5874.88
2093,561.134,5875.24
2094,561.401,5877.88
2095,561.67,5877.55
2096,561.938,5870.97
2097,562.207,5879.31
2098,562.474,5879.22
2099,562.742,5881.28
2100,563.01,5877.53
2101,563.279,5883.32
2102,563.547,5880.67
2103,563.814,5882.8
2104,564.084,5883.33
2105,564.351,5878.95
2106,564.62,5875.18
2107,564.888,5873.48
2108,565.158,5879.15
2109,565.425,5876.19
2110,565.694,5877.9
2111,565.962,5875.18
2112,566.23,5876.19
2113,566.497,5877.19
2114,566.765,5878.57
2115,567.033,5876.77
2116,567.301,5880.82
2117,567.57,5878.06
2118,567.837,5877.69
2119,568.105,5876.14
2120,568.373,5878.71
2121,568.641,5874.78
2122,568.91,5877.91
2123,569.178,5877.89
2124,569.447,5875.16
2125,569.713,5874.75
2126,569.981,5876.37
2127,570.249,5878.72
2128,570.517,5877.92
2129,570.785,5878.15
2130,571.054,5878.09
2131,571.322,5878.06
2132,571.59,5877.43
2133,571.858,5876.67
2134,572.127,5880.72
2135,572.396,5878.5
2136,572.664,5879.17
2137,572.932,5878.46
2138,573.2,5883.03
2139,573.469,5882.24
2140,573.737,5879.84
2141,574.004,5879.5
2142,574.273,5883.56
2143,574.541,5881.63
2144,574.809,5880.72
2145,575.076,5882.19
2146,575.344,5881.14
2147,575.612,5881.8
2148,575.881,5881.44
2149,576.148,5880.73
2150,576.417,5881.89
2151,576.684,5883.45
2152,576.951,5880.82
2153,577.22,5883.86
2154,577.487,5884.97
2155,577.754,5880.96
2156,578.023,5885.85
2157,578.292,5886.34
2158,578.56,5888.61
2159,578.829,5888.68
2160,579.096,5884.31
2161,579.363,5883.37
2162,579.633,5887.08
2163,579.901,5884.68
2164,580.169,5887.82
2165,580.436,5885.77
2166,580.705,5885.69
2167,580.973,5893.23
2168,581.242,5891.38
2169,581.51,5891.94
2170,581.776,5893.02
2171,582.044,5892.72
2172,582.313,5892.47
2173,582.582,5889.38
2174,582.849,5887.84
2175,583.117,5885.25
2176,583.387,5887.07
2177,583.656,5884.54
2178,583.924,5884.69
2179,584.194,5887.93
2180,584.463,5888.98
2181,584.729,5885.69
2182,584.997,5882.45
2183,585.267,5885.44
2184,585.535,5886.46
2185,585.804,5888.17
2186,586.072,5884.54
2187,586.339,5886.8
2188,586.607,5886.43
2189,586.875,5886.1
2190,587.143,5888.29
2191,587.411,5891.34
2192,587.679,5885.89
2193,587.947,5889.09
2194,588.215,5885.76
2195,588.484,5888.61
2196,588.752,5884.64
2197,589.02,5888.08
2198,589.289,5887.63
2199,589.558,5885.29
2200,589.827,5884.7
2201,590.095,5889.39
2202,590.364,5887.9
2203,590.631,5890.63
2204,590.9,5893.0
2205,591.168,5886.37
2206,591.435,5888.11
2207,591.703,5888.27
2208,591.971,5889.59
2209,592.24,5888.26
2210,592.506,5891.51
2211,592.774,5887.54
2212,593.044,5890.63
2213,593.312,5890.57
2214,593.579,5883.11
2215,593.847,5871.84
2216,594.115,5862.09
2217,594.383,5859.23
2218,594.652,5856.73
2219,594.919,5854.86
2220,595.186,5856.53
2221,595.455,5854.32
2222,595.723,5851.52
2223,595.99,5847.71
2224,596.258,5851.38
2225,596.526,5850.37
2226,596.794,5848.44
2227,597.064,5847.89
2228,597.331,5847.21
2229,597.599,5847.21
2230,597.869,5845.39
2231,598.137,5841.97
2232,598.405,5844.66
2233,598.674,5840.88
2234,598.942,5841.93
2235,599.211,5841.11
2236,599.479,5841.94
2237,599.748,5836.75
2238,600.016,5838.02
2239,600.285,5836.83
2240,600.554,5837.97
2241,600.822,5836.61
2242,601.09,5837.22
2243,601.358,5837.97
2244,601.626,5841.63
2245,601.894,5839.58
2246,602.162,5840.19
2247,602.432,5837.35
2248,602.699,5836.6
2249,602.967,5839.31
2250,603.234,5835.9
2251,603.503,5840.19
2252,603.771,5840.41
2253,604.039,5836.28
2254,604.308,5840.61
2255,604.576,5843.96
2256,604.844,5838.45
2257,605.112,5839.41
2258,605.379,5837.0
2259,605.648,5839.85
2260,605.916,5837.77
2261,606.183,5837.1
2262,606.451,5839.27
2263,606.72,5837.22
2264,606.99,5839.66
2265,607.258,5842.23
2266,607.525,5839.72
2267,607.794,5840.19
2268,608.062,5841.59
2269,608.331,5843.51
2270,608.599,5844.28
2271,608.866,5844.24
2272,609.135,5842.41
2273,609.403,5843.97
2274,609.672,5846.41
2275,609.941,5842.32
2276,610.209,5846.38
2277,610.477,5847.84
2278,610.745,5847.19
2279,611.012,5848.08
2280,611.281,5847.23
2281,611.548,5846.28
2282,611.817,5852.77
2283,612.084,5848.11
2284,612.352,5846.07
2285,612.62,5844.95
2286,612.888,5852.92
2287,613.156,5854.76
2288,613.423,5851.59
2289,613.692,5852.56
2290,613.962,5851.83
2291,614.229,5853.98
2292,614.497,5854.95
2293,614.764,5852.09
2294,615.033,5853.62
2295,615.301,5855.59
2296,615.569,5854.52
2297,615.838,5856.37
2298,616.107,5854.92
2299,616.374,5857.37
2300,616.642,5859.81
2301,616.91,5857.76
2302,617.177,5858.1
2303,617.446,5852.07
2304,617.713,5860.91
2305,617.981,5859.8
2306,618.249,5860.52
2307,618.518,5857.52
2308,618.785,5857.08
2309,619.054,5858.83
2310,619.322,5859.24
2311,619.59,5859.86
2312,619.858,5860.57
2313,620.127,5855.1
2314,620.395,5863.16
2315,620.663,5860.46
2316,620.931,5863.02
2317,621.201,5862.26
2318,621.468,5858.88
2319,621.736,5861.52
2320,622.004,5864.47
2321,622.271,5865.69
2322,622.54,5863.64
2323,622.808,5862.66
2324,623.076,5864.56
2325,623.344,5862.43
2326,623.613,5863.56
2327,623.882,5865.43
2328,624.149,5866.52
2329,624.417,5865.38
2330,624.684,5866.8
2331,624.954,5866.37
2332,625.221,5865.59
2333,625.489,5862.41
2334,625.756,5868.51
2335,626.024,5869.63
2336,626.292,5867.15
2337,626.56,5868.73
2338,626.827,5867.1
2339,627.096,5863.95
2340,627.364,5867.01
2341,627.632,5872.13
2342,627.9,5870.27
2343,628.168,5870.6
2344,628.436,5863.4
2345,628.704,5869.3
2346,628.973,5869.84
2347,629.24,5872.31
2348,629.508,5870.02
2349,629.776,5873.04
2350,630.046,5871.11
2351,630.313,5874.15
2352,630.581,5874.79
2353,630.849,5873.11
2354,631.117,5872.68
2355,631.386,5873.53
2356,631.654,5871.27
2357,631.923,5876.1
2358,632.192,5877.33
2359,632.461,5874.77
2360,632.729,5877.68
2361,632.997,5871.88
2362,633.265,5875.39
2363,633.532,5871.13
2364,633.801,5871.32
2365,634.07,5873.15
2366,634.339,5873.53
2367,634.607,5876.53
2368,634.875,5881.3
2369,635.145,5875.02
2370,635.412,5872.42
2371,635.682,5877.82
2372,635.95,5878.72
2373,636.218,5877.83
2374,636.487,5875.47
2375,636.754,5879.59
2376,637.021,5879.9
2377,637.29,5874.95
2378,637.557,5879.52
2379,637.825,5879.4
2380,638.093,5880.27
2381,638.362,5877.2
2382,638.63,5879.87
2383,638.899,5879.42
2384,639.168,5880.79
2385,639.435,5883.33
2386,639.703,5877.21
2387,639.97,5881.7
2388,640.238,5878.83
2389,640.506,5877.62
2390,640.774,5877.75
2391,641.043,5875.17
2392,641.311,5874.63
2393,641.58,5877.22
2394,641.847,5874.88
2395,642.115,5879.71
2396,642.382,5875.54
2397,642.651,5878.26
2398,642.919,5875.79
2399,643.188,5874.72
2400,643.456,5872.72
2401,643.723,5873.38
