时间(s),电压(V),幅值(高频80K)
0.0,-1.2180754725299485,5892.121723799064
0.004,-1.1944171535244048,5895.7187230040845
0.008,-1.17307403084898,5908.376961740194
0.012,-1.1546881613639974,5898.076725336196
0.016,-1.1385706712812909,5895.056291875638
0.02,-1.1232093579173505,5901.444027159951
0.024,-1.106991232919957,5897.969785662303
0.028,-1.088666621899008,5896.392820947122
0.032,-1.0675320787682587,5905.450999216969
0.036,-1.0436278889565964,5894.895554685023
0.04,-1.0181031355296697,5903.777518370856
0.044,-0.9935149362199539,5903.769046623164
0.048,-0.9736693894864967,5900.301733982586
0.052,-0.9628217266554722,5898.632075046804
0.056,-0.9643907833126142,5896.693350319224
0.06,-0.9796115368415943,5903.43946618657
0.064,-1.0067084826535146,5896.787068203241
0.068,-1.0411172263050124,5896.721388584925
0.072,-1.0768983981068017,5897.913487092732
0.076,-1.1088852790323342,5903.526438892871
0.08,-1.1345992562876699,5903.267148187588
0.084,-1.154918093360977,5897.140017508825
0.088,-1.1730809579741497,5897.8462967506375
0.092,-1.1925780560750916,5894.217738076857
0.096,-1.215104672888082,5903.909066721672
0.1,-1.2395787796452125,5893.185550032114
0.104,-1.262468961435567,5896.0208116472495
0.108,-1.279025423224624,5901.693234143891
0.112,-1.284821397958512,5901.003675529184
0.116,-1.2771199434013083,5900.850910321049
0.12,-1.255707283462441,5911.400998035035
0.124,-1.2229807212127133,5904.470166354235
0.128,-1.1833292998093137,5891.484641114755
0.132,-1.142085568695151,5890.3725949634845
0.136,-1.1043873204336523,5898.411636037659
0.14,-1.0741871730717047,5890.491240871586
0.144,-1.0535440338007662,5906.955321809995
0.148,-1.0423138654387596,5898.887369400383
0.152,-1.0383558460822042,5895.086277713113
0.156,-1.0382666935858407,5897.7599766050425
0.16,-1.0384664639322514,5901.431727741273
0.164,-1.0363265155334551,5895.582903372417
0.168,-1.0310525850816448,5913.451840707501
0.172,-1.0241485580112595,5901.261721507868
0.176,-1.0193456080000372,5894.108629307747
0.18,-1.0218887899078486,5897.224276045843
0.184,-1.0372002739468544,5902.916936663913
0.188,-1.0692232762848723,5893.07512663229
0.192,-1.1189611924325549,5894.233054480389
0.196,-1.183665120879362,5896.250519318099
0.2,-1.2568784949294993,5898.337907465929
0.204,-1.3293197789204212,5902.567513635922
0.208,-1.3904342574077049,5897.101212478775
0.212,-1.4303252254313983,5900.441803131163
0.216,-1.44167051042566,5906.405421918126
0.22,-1.421201726541031,5896.643823405803
0.224,-1.3704425215502936,5902.428757282777
0.228,-1.2956465209217731,5904.820859332968
0.232,-1.2070696086114419,5901.744944902833
0.236,-1.1176756865086914,5903.405972508406
0.24,-1.0412165722921352,5902.499112319844
0.244,-0.9897103929854899,5899.674667613686
0.248,-0.9707944516475275,5900.495678771916
0.252,-0.9858395962620621,5898.228034578161
0.256,-1.029594355403184,5899.622581818302
0.26,-1.0914946974884057,5896.360466101904
0.264,-1.1580942004275976,5895.600761570438
0.268,-1.2157857825753209,5906.811397637794
0.272,-1.2531935693175371,5905.177780856152
0.276,-1.2630196080130756,5902.8159761282
0.28,-1.2433408576865175,5905.846738439727
0.284,-1.1982504937413307,5900.458254870707
0.288,-1.137549049482231,5901.265093782109
0.292,-1.0752053912161352,5906.268736800306
0.296,-1.02660620009705,5893.453076803849
0.3,-1.0050475342744014,5899.930317361444
0.304,-1.0182959011715849,5897.165608854154
0.308,-1.0662127974789053,5903.392504244635
0.312,-1.1402729111506105,5904.389504038278
0.316,-1.2252934181889337,5896.7184772185765
0.32,-1.303022936896908,5894.561839442038
0.324,-1.3566864315385936,5902.001575702903
0.328,-1.3752877128762147,5901.638545881127
0.332,-1.3564554637528563,5899.246134975261
0.336,-1.306927602475491,5898.504618147463
0.34,-1.2404515164619754,5911.73362337429
0.344,-1.1737814172363272,5899.680373299271
0.348,-1.1221452474925009,5890.140667480838
0.352,-1.0956158337717523,5901.595484276664
0.356,-1.0972808205307631,5902.595359678559
0.36,-1.123397999307537,5901.609079348475
0.364,-1.1651924098417603,5904.533785649732
0.368,-1.2116243557949782,5893.708468570463
0.372,-1.252289604685658,5908.540318372133
0.376,-1.2796599562423467,5901.526547015321
0.38,-1.2901671133708859,5905.934146749179
0.384,-1.2840802092241346,5902.51672800222
0.388,-1.2645356994006045,5900.819459235846
0.392,-1.2362585915509718,5901.579019962264
0.396,-1.2044069232420311,5893.621981238408
0.4,-1.173714482240597,5902.105858373372
0.404,-1.1479249632010995,5885.698943418169
0.408,-1.1294971338296342,5899.629838569454
0.412,-1.1196069113277938,5903.176965703221
0.416,-1.118436557088154,5907.666022849816
0.42,-1.1256077335178056,5901.137222289292
0.424,-1.1404893256569801,5896.729874637211
0.428,-1.162142383528212,5901.530171570861
0.432,-1.1889163557852318,5897.455872903762
0.436,-1.2180224100310448,5905.247238351265
0.44,-1.2455024486023603,5904.6398952696245
0.444,-1.2667957096933202,5902.738493083299
0.448,-1.2777632576094538,5894.340760162071
0.452,-1.2757899582413943,5899.262725741898
0.456,-1.2605258934817791,5897.421361107784
0.46,-1.233959869131332,5903.836007230353
0.464,-1.1998154952395277,5891.397027424531
0.468,-1.1625734405333743,5896.663715241747
0.472,-1.1265217769968123,5911.077135023891
0.476,-1.09507584908226,5896.260531437063
0.48,-1.070398756939168,5898.270575823988
0.484,-1.0532956814157426,5896.179138528859
0.488,-1.0434060900896427,5901.745740957491
0.492,-1.0396871794438514,5900.7347000657255
0.496,-1.041029357411122,5898.2211117443
0.5,-1.0467233190622638,5898.772165559122
0.504,-1.0565420235190135,5905.844086398707
0.508,-1.0704206202020297,5896.67128255731
0.512,-1.0879909275341695,5902.541340769193
0.516,-1.1083148992998293,5901.748900958078
0.52,-1.129948776953507,5900.385729663558
0.524,-1.1511786112498408,5905.304651383503
0.528,-1.1702019060233197,5900.568818549474
0.532,-1.1852042109930179,5901.255608398951
0.536,-1.1944655140515354,5910.180930649543
0.54,-1.1966294881193964,5905.685179815486
0.544,-1.1910764225941723,5899.449076599441
0.548,-1.1781611559827512,5899.64921563627
0.552,-1.1591220933146993,5899.582850256319
0.556,-1.135723517283579,5892.884491604614
0.56,-1.109933934146888,5900.455645967649
0.5640000000000001,-1.0839245611683195,5897.513835969088
0.5680000000000001,-1.0603629114085686,5903.546894429564
0.5720000000000001,-1.042643791051482,5893.509044719416
0.5760000000000001,-1.0346605919905698,5899.0019727818935
0.58,-1.040016704221873,5892.424052483092
0.584,-1.060960755344337,5893.717822696627
0.588,-1.0974883856511504,5906.195600685336
0.592,-1.146903318525213,5901.882190095803
0.596,-1.2038867265941475,5902.062269877871
0.6,-1.2610074496732506,5897.211700237708
0.604,-1.3096332093907648,5893.666761430134
0.608,-1.3412770254619797,5895.980182009554
0.612,-1.34936631653271,5903.050666687149
0.616,-1.3311133052216935,5899.831472724114
0.62,-1.2887682778849463,5893.736918558065
0.624,-1.2294933200965,5900.8798670245
0.628,-1.1636147411363236,5896.499916961771
0.632,-1.1018094037716974,5901.80519933031
0.636,-1.0523192627906883,5895.796178841282
0.64,-1.0192262132987873,5896.045243260279
0.644,-1.002245205459471,5904.053003733455
0.648,-0.9978003399520442,5897.240125128287
0.652,-1.0007127469374117,5897.524866350283
0.656,-1.0058133843307426,5897.689770799791
0.66,-1.0090849832956243,5896.561878858592
0.664,-1.0082438864895438,5901.362576208158
0.668,-1.0028412169127365,5895.487902665264
0.672,-0.9940669720252082,5896.2766253140335
0.676,-0.9844730758139976,5893.271152602787
0.68,-0.977673344781986,5903.651864170309
0.684,-0.9778444189449715,5899.675194212322
0.6880000000000001,-0.9888428715211615,5898.69144387896
0.6920000000000001,-1.0130229647533704,5897.579288668994
0.6960000000000001,-1.0501439047867656,5895.644031852706
0.7000000000000001,-1.0968900121793235,5901.032133466064
0.704,-1.1474185590225403,5905.211650888706
0.708,-1.1949522563856072,5900.093606005888
0.712,-1.2338560943044659,5911.118063260584
0.716,-1.2612665540515868,5894.215500417298
0.72,-1.2775193583363924,5898.191592181851
0.724,-1.2852579858127628,5896.430517704663
0.728,-1.287762697386008,5891.254189239912
0.732,-1.2873534984455957,5899.045849769868
0.736,-1.2846099579716144,5899.256184109608
0.74,-1.278719923107635,5896.390290814567
0.744,-1.2686973372233596,5893.278366817602
0.748,-1.2547658107016693,5899.133937327239
0.752,-1.2391420285543637,5901.412129077268
0.756,-1.225778172018921,5889.179248733416
0.76,-1.2191127624269258,5900.028596612022
0.764,-1.222325045443561,5903.457394445755
0.768,-1.235846395709524,5907.001674469972
0.772,-1.256795637234837,5898.002184692932
0.776,-1.2795650129618417,5909.045712293261
0.78,-1.2972926578413904,5904.645288489763
0.784,-1.3037200771231585,5898.812030121838
0.788,-1.294911394187461,5892.754806599724
0.792,-1.2703399708392678,5904.032556616258
0.796,-1.2329619176547244,5895.993339350292
0.8,-1.1882041192117796,5906.829300697374
0.804,-1.1422148409532735,5895.475811104638
0.808,-1.100030923258052,5909.370300914379
0.812,-1.0643533840117925,5901.19681848033
0.8160000000000001,-1.0353716920088858,5900.175396668451
0.8200000000000001,-1.0116010179677677,5891.89866533954
0.8240000000000001,-0.9911924978978629,5901.508232097197
0.8280000000000001,-0.9729717425199909,5895.106306640985
0.8320000000000001,-0.956757717781007,5892.012768229199
0.836,-0.9430815238236612,5899.333003233568
0.84,-0.9327405160921982,5894.9987640007785
0.844,-0.9264606295166876,5901.413040018604
0.848,-0.9246117188902078,5892.48640150439
0.852,-0.9268297961415422,5897.876618464201
0.856,-0.9316028149783714,5899.601331415155
0.86,-0.9361408398937915,5901.514079041947
0.864,-0.9368843819701568,5902.135413765625
0.868,-0.9306798345755044,5900.627737081714
0.872,-0.91619821407789,5907.080920813106
0.876,-0.8949795481599391,5893.546892607015
0.88,-0.871625818657025,5894.279599058018
0.884,-0.8529167941723459,5891.906557372087
0.888,-0.8459039008102011,5911.660167411268
0.892,-0.8554410274972067,5893.386708714468
0.896,-0.8820428122084528,5894.751824729985
0.9,-0.9210869282147036,5903.762575290852
0.904,-0.9639548828592576,5896.340128423803
0.908,-1.0008520369985845,5896.588161352802
0.912,-1.024208667574153,5894.788922723892
0.916,-1.0312324737988336,5896.922383300735
0.92,-1.024561270174586,5901.3340420759605
0.924,-1.0108341653494703,5890.170760570256
0.928,-0.9978881762175928,5900.547349880932
0.932,-0.9917752987033863,5899.859041864162
0.936,-0.9947296443818712,5900.981177079302
0.94,-1.0047229719810777,5901.514345560296
0.944,-1.016596551481293,5901.18540724385
0.948,-1.0242033531088621,5893.088676057335
0.952,-1.0227073809135634,5898.019871505623
0.956,-1.0102307200463763,5883.99736534605
0.96,-0.9883748712784712,5895.826518274206
0.964,-0.9616286104653576,5896.6994962288745
0.968,-0.9360776463830511,5893.779182102629
0.972,-0.9179428311971688,5906.294402157225
0.976,-0.9122866160245123,5897.521213918148
0.98,-0.9219877802393786,5909.099427868368
0.984,-0.9470611700792751,5910.626224139118
0.988,-0.984543525121181,5903.608851951782
0.992,-1.0291455999780348,5899.332312410163
0.996,-1.0745506371013493,5899.30557419904
1.0,-1.11491945982938,5903.553667365321
1.004,-1.1461566484205945,5901.14204777212
1.008,-1.1666961816284473,5904.469075227972
1.012,-1.1776793577212001,5899.021327733638
1.016,-1.1824108424383244,5905.614990665108
1.02,-1.1851171034930286,5896.960411581506
1.024,-1.189317939976899,5890.524789212363
1.028,-1.196331828508815,5900.113715502267
1.032,-1.204458465026972,5893.18404822493
1.036,-1.2092649066252035,5898.535085533501
1.04,-1.2050991966727143,5896.804408352957
1.044,-1.1874189230558043,5904.993333594795
1.048,-1.1550146984050964,5899.776337919309
1.052,-1.1111721111962123,5897.95581668186
1.056,-1.0633413830631957,5903.169740242948
1.06,-1.021538733199386,5907.351690156443
1.064,-0.9960367238211154,5904.529104037173
1.068,-0.9949272760350955,5897.07242149554
1.072,-1.0221073276602248,5895.678809259863
1.076,-1.0761760849495678,5893.052337655587
1.08,-1.15053053634185,5898.592511469986
1.084,-1.2346189727983286,5896.316796375371
1.088,-1.3160107036698645,5898.187948485098
1.092,-1.3827857566584332,5903.804151923036
1.096,-1.425727803425506,5896.8380627956185
1.1,-1.4398415210986575,5893.637070082841
1.104,-1.4248520961327977,5891.179428825802
1.108,-1.3846616756743868,5903.097700387792
1.112,-1.326096038012363,5901.2546801817225
1.116,-1.257407555705678,5903.503041612939
1.12,-1.1868906764215175,5912.929316232476
1.124,-1.1218268638350812,5896.376887913874
1.128,-1.0678796109900328,5900.118372113482
1.132,-1.0289146286639865,5903.75630513536
1.136,-1.0070559837234203,5897.926715675617
1.14,-1.00275862944627,5906.774441337384
1.144,-1.014816057346974,5897.133856495198
1.148,-1.0403932408260537,5898.585521688478
1.152,-1.0752288345980603,5894.023488302182
1.156,-1.114074660375891,5901.7202828724
1.16,-1.1513478290561066,5898.580624786667
1.164,-1.181912438934943,5906.174077681526
1.168,-1.2018243992065982,5903.3391932644045
1.172,-1.2087935887160772,5900.111844377741
1.176,-1.2022012830022497,5890.4315401543
1.18,-1.182784394630169,5899.42506813461
1.184,-1.152317219065744,5903.970583764892
1.188,-1.1135344050597364,5909.552025049808
1.192,-1.0702215788005627,5899.132916918662
1.196,-1.0271759453050142,5900.016022113616
1.2,-0.9897930784380189,5893.8264717497295
1.204,-0.9632636464844625,5896.389124063915
1.208,-0.9515711728289419,5895.5166660887535
1.212,-0.9565699216309088,5894.007256923134
1.216,-0.977394841765611,5889.440579549319
1.22,-1.0103780117510444,5893.408046940429
1.224,-1.049561488490173,5897.2185831599
1.228,-1.0877572715332806,5896.270914393547
1.232,-1.1179026074587344,5898.938185504179
1.236,-1.1343457564794166,5904.784120597818
1.24,-1.1337857629883583,5904.359269710098
1.244,-1.1157668706339636,5905.784144741338
1.248,-1.0827361115308083,5892.649606404278
1.252,-1.0397027103153162,5904.327724878941
1.256,-0.9935558077244923,5905.37518747478
1.26,-0.9521156315859259,5896.02892514885
1.264,-0.9229919863109833,5901.809684295887
1.268,-0.9123379687925336,5898.980860138238
1.272,-0.9236737411629041,5892.908131991124
1.276,-0.9570576279810217,5902.0197058094245
1.28,-1.0088711140933257,5901.900534330447
1.284,-1.0723566546085934,5900.729131695893
1.288,-1.13889439816531,5899.783830679043
1.292,-1.199811264449001,5906.332323856874
1.296,-1.2482312082046347,5909.281019600976
1.3,-1.2802804164303685,5899.582092140269
1.304,-1.2951721007815205,5901.866035614704
1.308,-1.2943024020173475,5897.152219355495
1.312,-1.2800397035637814,5897.223456243729
1.316,-1.254940433797125,5899.1549053418585
1.32,-1.2216714021293456,5900.777363659759
1.324,-1.1833579035635133,5897.513615058198
1.328,-1.143818262849621,5892.4278173955045
1.332,-1.1072979793591142,5900.160345036017
1.336,-1.0776994436056426,5901.664035205926
1.34,-1.057645357843689,5909.055402370208
1.344,-1.04782364221305,5900.823948746126
1.348,-1.046916007006369,5903.101404467601
1.352,-1.0521390432429212,5901.252587146084
1.356,-1.060192755918241,5899.451768819178
1.36,-1.068309895087167,5899.723947043919
1.364,-1.0750976690234335,5905.53369258441
1.368,-1.0808939896149252,5893.397629067942
1.372,-1.0874608781228556,5897.063755866805
1.376,-1.0970644326708325,5895.314115981596
1.38,-1.1112486327312048,5903.983402454913
1.384,-1.1297688917815971,5904.849672196982
1.388,-1.150190784233708,5901.616345434452
1.392,-1.1685261887415754,5902.823732761147
1.396,-1.1808586237377396,5898.714527843957
1.4,-1.185304552877888,5904.030404145832
1.404,-1.1832667049995258,5904.587046786092
1.408,-1.179140808272614,5907.989832015397
1.412,-1.1784326235922178,5898.119212225159
1.416,-1.1851467411505405,5901.886176318478
1.42,-1.1997299448182255,5895.281459991263
1.424,-1.2185613305668261,5901.377670557971
1.428,-1.235182120837013,5903.844366591999
1.432,-1.242597677825299,5896.535572842862
1.436,-1.235567933875827,5903.877643634408
1.44,-1.2120527892246775,5903.708593468764
1.444,-1.17359172452027,5899.205492316933
1.448,-1.124853117450804,5898.069287178002
1.452,-1.0726853418733608,5896.685294067454
1.456,-1.0249269897049926,5908.531335000745
1.46,-0.9891780466241122,5889.207379264926
1.464,-0.9716609441299476,5897.392930579852
1.468,-0.9761972010051383,5900.071598311856
1.472,-1.0033594045856429,5905.295261613408
1.476,-1.0500488050286174,5898.434882038503
1.48,-1.1098123887524989,5898.385402688078
1.484,-1.1739750205216464,5897.615257632666
1.488,-1.233327018918337,5901.034338980191
1.492,-1.2799424669433628,5899.440336977637
1.496,-1.3087133030740496,5897.600672661247
1.5,-1.3182589925936197,5901.97664689768
1.504,-1.31100517219577,5900.613275069573
1.508,-1.2924239184896644,5906.597944927444
1.512,-1.269617397006808,5890.183239217211
1.516,-1.2495554029189082,5913.637522812787
1.52,-1.2373690524793717,5902.330788820365
1.524,-1.2351500310277128,5911.316194461461
1.528,-1.2416243049134599,5906.192640975168
1.532,-1.252794660080281,5902.241235695296
1.536,-1.2632556668747685,5897.710901271551
1.54,-1.2676290163031483,5902.970734207991
1.544,-1.261659521929346,5896.5301707842
1.548,-1.2428368860471994,5895.171702608743
1.552,-1.210639295110427,5904.187511613819
1.556,-1.1665178244526782,5895.202684009589
1.56,-1.1136900816341702,5891.253481712549
1.564,-1.0567674362779484,5904.36055304492
1.568,-1.0011935253601738,5905.04127952985
1.572,-0.952477821175699,5898.837295393727
1.576,-0.9153272675578646,5904.890754025361
1.58,-0.8929258388696415,5894.4731525385005
1.584,-0.8866158263261411,5892.257392290446
1.588,-0.896058811608734,5899.219399086793
1.592,-0.9197377980569951,5895.531541029851
1.596,-0.9555259882575715,5901.895668193532
1.6,-1.0010194635078795,5896.4376377799645
1.604,-1.0534590748575579,5904.252396069967
1.608,-1.1093767770679075,5897.862493017411
1.612,-1.1643998132088726,5892.429650827958
1.616,-1.2136106233052892,5893.660590819769
1.62,-1.2524429368126957,5892.260055392048
1.624,-1.277661038389105,5903.553503040971
1.628,-1.2879135820099308,5900.312109317281
1.632,-1.2836922247251878,5901.46475782307
1.636,-1.2669322177240119,5889.9930347827485
1.64,-1.2406103487382156,5900.37919175814
1.644,-1.2084457108179396,5901.440665461186
1.648,-1.1744928334372526,5904.031012231241
1.652,-1.142423090304409,5899.540176783481
1.656,-1.1146439179993084,5890.1531083324135
1.66,-1.0917370271097202,5894.538393411603
1.664,-1.07265334384785,5911.81530175725
1.668,-1.0556874431368815,5896.785452431573
1.672,-1.0397910296506363,5904.444272753758
1.676,-1.0256006003942715,5898.204189735682
1.68,-1.015703880117764,5900.15753004171
1.684,-1.0139816992009552,5893.162857753156
1.688,-1.0241924693924005,5888.569466471544
1.692,-1.0482710034513802,5890.479551014858
1.696,-1.0850106403515103,5898.129971316776
1.7,-1.12974362964643,5897.827081889119
1.704,-1.1752718286357524,5906.667812188332
1.708,-1.213772999798017,5901.737969971306
1.712,-1.2390004016993454,5897.310973379117
1.716,-1.2480050628974897,5900.021314718208
1.72,-1.2418321988299488,5900.86571423706
1.724,-1.225042403047104,5897.135190109221
1.728,-1.2043064440879157,5897.643235218568
1.732,-1.1865492195229375,5895.704769978359
1.736,-1.17714977275537,5903.953249324687
1.74,-1.17865559849802,5903.663609220459
1.744,-1.1903725870287853,5901.130889069242
1.748,-1.2089551160039345,5897.401626005592
1.752,-1.229743087884029,5895.814555023399
1.756,-1.2482619328414417,5900.441111489063
1.76,-1.261250066701553,5906.438923855002
1.764,-1.266874128948455,5903.86524373719
1.768,-1.2642569931675876,5899.378707870326
1.772,-1.252780920227061,5900.988677090656
1.776,-1.2316590064315305,5907.524514887899
1.78,-1.200055643884281,5897.120965591869
1.784,-1.1577684269015165,5913.8558978226365
1.788,-1.106248604582743,5893.279903701501
1.792,-1.0495335490200584,5908.555136741771
1.796,-0.9945976583615387,5900.954277122823
1.8,-0.9508497161504201,5895.54182112348
1.804,-0.9288969689336851,5892.705258770812
1.808,-0.9388779097282766,5899.25208603159
1.812,-0.9884783097429382,5900.63441234416
1.816,-1.0805053512134626,5896.883957922838
1.82,-1.2099821160942104,5897.654474265865
1.824,-1.3611590294859042,5902.216270975807
1.828,-1.5054155887518808,5900.927253839821
1.832,-1.601510787585059,5899.354428663201
1.836,-1.5996643735222889,5897.098421624999
1.84,-1.450126654208292,5901.106791591694
1.844,-1.1152634028145954,5897.9574469540285
1.848,-0.5823116299443154,5900.75967341668
1.852,0.1273852061388903,5913.294487672521
1.856,0.9569182769542268,5908.920612818282
1.86,1.8225277654919951,5887.571916432055
1.864,2.631177191734656,5907.453100450551
1.868,3.301659010934263,5916.8506805549205
1.872,3.782069570140063,5930.224039499526
1.876,4.05813960267022,5959.149601576266
1.88,4.1508550165657585,5964.133606044711
1.884,4.105671521273449,5977.84390061654
1.888,3.9778236805220653,5992.608563628534
1.892,3.81845487586271,6011.183125725602
1.896,3.6650182287155793,6025.749213735826
1.9,3.5374091857003824,6047.327833349407
1.904,3.4394038480605587,6069.748312567132
1.908,3.363738546320237,6081.618683649747
1.912,3.2986798088834717,6089.483253311159
1.916,3.2340064040244325,6098.466405299999
1.92,3.1648129783167396,6110.548473388152
1.924,3.0924203553131417,6133.004943176818
1.928,3.022730041450053,6139.108946466853
1.932,2.9631328946658915,6150.147071326224
1.936,2.9192622584961585,6172.591906527133
1.94,2.8925929551004446,6186.223822722775
1.944,2.8794825109258753,6192.333559525415
1.948,2.871891314739634,6204.34778138617
1.952,2.85959036010335,6207.992693192302
1.956,2.833147342353136,6215.6351771098325
1.96,2.7866598822049955,6239.374713313549
1.964,2.719354337148321,6247.728058037729
1.968,2.6357013662839224,6253.578452374679
1.972,2.544247708232185,6267.776167938648
1.976,2.4556394079457347,6267.44106670555
1.98,2.3803342506031164,6293.619647632469
1.984,2.326456179407382,6296.988564379594
1.988,2.298190114899207,6307.211006778703
1.992,2.294990115307416,6318.689424860125
1.996,2.3117003309435993,6327.577720830153
2.0,2.3395427904519015,6328.285033135134
2.004,2.367802986901227,6339.764481919559
2.008,2.385916570821086,6351.5100054825
2.012,2.385547731387655,6363.193796324279
2.016,2.3621763849830684,6372.611566974528
2.02,2.3157389623092963,6376.339618922848
2.024,2.2500987701491066,6383.138726943249
2.028,2.1715220069594885,6390.056159999132
2.032,2.086688303959891,6406.549254753576
2.036,2.0009055321958176,6406.510618838556
2.04,1.9171261667125215,6421.385448288651
2.044,1.836099244388885,6422.782307781296
2.048,1.757552127086157,6426.436159247725
2.052,1.6818241881991465,6444.032473825669
2.056,1.611126666147371,6445.329033585225
2.06,1.5497373301275197,6457.278541296541
2.064,1.5029169119179493,6459.4641008752615
2.068,1.4749771496862496,6470.706085476063
2.072,1.4674284228382215,6475.943680671583
2.076,1.4781322830251487,6481.23892178819
2.08,1.5018095252371269,6481.9470944890745
2.084,1.531520245162989,6487.1301706122
2.088,1.5603735701996013,6496.324763960624
2.092,1.5828723493793961,6499.918321418549
2.096,1.5956613810466007,6512.753545365368
2.1,1.5977075967799486,6516.679250376233
2.104,1.590005712622633,6523.50214368085
2.108,1.574879765080119,6523.988610954682
2.112,1.5549893625146258,6532.997757935123
2.116,1.5322912600888197,6529.224398087393
2.12,1.5073488219604145,6532.476692516194
2.124,1.4793669101359308,6551.730851322013
2.128,1.4470519054289293,6553.1648874104085
2.132,1.4099148867008384,6550.593970004996
2.136,1.3692698256525917,6553.626441584487
2.14,1.3282967107810066,6553.189412869784
2.144,1.2911049692154095,6560.702197220226
2.148,1.2612889587440048,6565.751797469775
2.152,1.2406674416121202,6567.421122895397
2.156,1.2287557957497308,6586.090650600029
2.16,1.223155685508935,6580.741123362601
2.164,1.220591108732596,6584.095510514797
2.168,1.218023630434526,6595.821149655274
2.172,1.2133588810512006,6586.0884249602
2.176,1.2056128317565176,6598.884061337312
2.18,1.1947277114212227,6602.890879010743
2.184,1.1813121293587,6604.463877191853
2.188,1.1664382516689498,6607.3257081902
2.192,1.1514147507425787,6609.229775467533
2.196,1.137400954150048,6618.88462008346
2.2,1.1249223409922244,6617.636875546953
2.204,1.1135454811355787,6616.654856487774
2.208,1.1019213641846886,6619.353022862317
2.212,1.088233484294635,6632.55714101349
2.216,1.070996336802587,6620.795936752204
2.22,1.0500392704961459,6635.47453745018
2.224,1.0272792744549462,6634.72534443174
2.228,1.0067864163910911,6639.736199190767
2.232,0.9939034536273962,6648.102444871311
2.236,0.9935988126589846,6652.676192646004
2.24,1.0085187196476828,6635.851813268729
2.244,1.0373496097384944,6647.416583725691
2.248,1.0741372908637135,6647.465091034684
2.252,1.1089973251666299,6657.080055154121
2.256,1.1301875066490008,6649.394479704935
2.26,1.1270575840711978,6660.070581244171
2.264,1.0931099796732544,6671.610890849011
2.268,1.0282607309481424,6663.056567455578
2.272,0.939440858968267,6666.333132132594
2.276,0.8390971764345033,6674.410238787184
2.28,0.7419147233093812,6666.2206204237045
2.2840000000000003,0.6608676374426701,6676.080472798791
2.2880000000000003,0.6040645627688124,6677.826183244903
2.2920000000000003,0.5735096927419336,6671.326125705882
2.2960000000000003,0.5660049076374348,6677.101417828302
2.3000000000000003,0.5754863261654812,6678.7378063550805
2.3040000000000003,0.5955905962318292,6690.650976143651
2.308,0.6213493289178812,6677.745230068661
2.312,0.6495103522219788,6688.536444537238
2.316,0.6777660817689778,6694.676218143393
2.32,0.7036974038342853,6693.950897871918
2.324,0.7242370244722753,6695.111958617621
2.328,0.7360080343953062,6684.65258765553
2.332,0.736334887861515,6692.300084551371
2.336,0.7243686563939492,6692.409731614071
2.34,0.7017655291341914,6698.998674653889
2.344,0.6726387915713731,6693.401690684583
2.348,0.6428317335524409,6704.447234327517
2.352,0.6187311187095078,6714.448787872083
2.356,0.605861773360478,6701.314379684081
2.36,0.6075109624092411,6699.152553867703
2.364,0.6236974859864396,6711.422216059855
2.368,0.6508317603004969,6705.504887783684
2.372,0.6822748779117757,6711.364634372385
2.376,0.7097155112818809,6716.22618185784
2.38,0.7250281305544116,6711.297214897584
2.384,0.7221959023994549,6715.397199297439
2.388,0.6989078757709044,6717.997608821715
2.392,0.6574507791255986,6719.677503377583
2.396,0.6045887284895608,6721.582538677598
2.4,0.5503804805758694,6718.830317235605
2.404,0.5061890822730755,6713.753083071459
2.408,0.48228818052616923,6728.634806106131
2.412,0.4855140553208283,6720.83311341886
2.416,0.5174840562328931,6725.228510258718
2.42,0.5739080210172647,6729.1091999545
2.424,0.6452939170969776,6719.549980893216
2.428,0.7189357723213423,6725.154663142215
2.432,0.7816684661970779,6725.57502586002
2.436,0.8226470373313641,6726.283688414818
2.44,0.8354440187326151,6739.388305609325
2.444,0.819042380438377,6739.360858294569
2.448,0.7776910726100861,6736.5943516874295
2.452,0.7198805735702741,6744.439460605843
2.456,0.6567533579422605,6733.078609557649
2.46,0.6001340030925298,6743.202740838136
2.464,0.5602738880817069,6743.192868216085
2.468,0.5435710129477256,6736.526231405829
2.472,0.5508644611068948,6733.965072498266
2.476,0.5770316568185694,6740.93439128384
2.48,0.6122628653912342,6734.927625892394
2.484,0.6447371568343038,6740.977448113015
2.488,0.6638908083312872,6746.729286959768
2.492,0.6632664107350523,6750.96214578579
2.496,0.6420579886627451,6741.161972376228
2.5,0.604892487196791,6743.022604129723
2.504,0.5600170707804777,6746.686967320293
2.508,0.5166332199445511,6752.072028441841
2.512,0.4823216782435388,6748.725578401895
2.516,0.4612789069938454,6748.06030193077
2.52,0.453700848606752,6760.129014965798
2.524,0.4563489846920664,6749.316876896373
2.528,0.4640828166949739,6744.891200139843
2.532,0.471850709913403,6755.350669162581
2.536,0.4764523690109433,6743.4210786471
2.54,0.4775381758826946,6754.926019566577
2.544,0.47767460640849496,6756.9615209895765
2.548,0.48155925680667194,6739.426982870132
2.552,0.4945621167441882,6758.343226152953
2.556,0.5208888648242285,6760.647853886263
2.56,0.5618328861800199,6761.808292275233
2.564,0.6146456309331486,6760.42166379659
2.568,0.6724312031644337,6753.202260621336
2.572,0.7252248804569374,6752.653900537492
2.576,0.7621252948467935,6755.919656733067
2.58,0.7740381902654132,6755.061564453593
2.584,0.7562930480162238,6758.323910852852
2.588,0.7102739297912293,6762.405001266139
2.592,0.6434533193209496,6753.886403114086
2.596,0.5677789703559203,6757.795225281334
2.6,0.49690390337228907,6758.859099672349
2.604,0.4429907563808952,6758.606101818936
2.608,0.41382260147434347,6758.6092284346505
2.612,0.41092625488729206,6766.007461360125
2.616,0.42933177277671614,6756.675421275315
2.62,0.4592163582872776,6756.309828894254
2.624,0.4890155794255582,6757.025549107248
2.628,0.5089898697694473,6773.448458399905
2.632,0.514057423018899,6774.155248853412
2.636,0.5050109425798933,6767.405148448368
2.64,0.4878507502560954,6773.086876834015
2.644,0.47160552193334376,6773.103837325783
2.648,0.4654270992184282,6757.684378089842
2.652,0.4758622650883265,6755.424372346923
2.656,0.5050800215125321,6761.757192148112
2.66,0.5505098914912855,6763.062181825347
2.664,0.6058589802933215,6766.5248859807225
2.668,0.662981539110223,6761.540316759958
2.672,0.7138304693409123,6765.941385712243
2.676,0.7518660282887092,6772.281701036567
2.68,0.7727155632980013,6766.4512285813225
2.684,0.7742815690815874,6767.9428585109645
2.688,0.7566568308553466,6776.951275007116
2.692,0.7220941808858329,6770.189942258968
2.696,0.6750007590399822,6773.210118059923
2.7,0.6216752306870641,6767.7229261162765
2.704,0.5695278840470698,6767.735317194663
2.708,0.525861991787657,6764.675914479407
2.712,0.4966223186049281,6773.84687274857
2.716,0.48550757514208087,6766.530433578084
2.72,0.49357770181866994,6769.948905395711
2.724,0.5192586252227953,6772.788878741364
2.728,0.5585969677989957,6775.2331239064415
2.732,0.6056973928857078,6768.962446590424
2.736,0.6533727053432251,6778.685020787662
2.74,0.6940517442312557,6773.103807146645
2.744,0.7209117227162919,6771.176913567476
2.748,0.7290988756350486,6774.204894827073
2.752,0.7167975029934003,6764.634542940075
2.756,0.6857867299375606,6777.056143286078
2.76,0.641108392890161,6771.141195595147
2.764,0.5897749127148258,6776.025093597784
2.768,0.5390080079871488,6763.962020773388
2.772,0.49482396081604635,6775.802735030613
2.776,0.4614632311667235,6774.674163641911
2.78,0.4414749473514558,6767.970334206835
2.7840000000000003,0.43589279111316787,6775.464555399553
2.7880000000000003,0.4441479276819227,6767.945011916253
2.7920000000000003,0.46380473140723333,6777.4734987245465
2.7960000000000003,0.4904407192905151,6777.216211231902
2.8000000000000003,0.517931068937823,6780.272053407978
2.8040000000000003,0.5392104576564226,6782.5659129868745
2.8080000000000003,0.5474258063831331,6776.059741655149
2.8120000000000003,0.5372950829763302,6785.424439722184
2.816,0.5064395259969996,6771.219868970371
2.82,0.4564273473624121,6775.912100570676
2.824,0.3931930959464484,6768.749760505186
2.828,0.3264427513393091,6774.984772254975
2.832,0.26784206489204393,6780.049218289023
2.836,0.2282783640837443,6771.60309001174
2.84,0.2150102260091743,6778.656171712914
2.844,0.22970735928953687,6763.987763318327
2.848,0.26808311938130436,6778.518313073991
2.852,0.3211955197527949,6778.076508788109
2.856,0.3778961235604957,6772.619342802324
2.86,0.42762785166200484,6771.246748426497
2.864,0.46283157212361603,6776.466980202552
2.868,0.4804309318672289,6773.910872995615
2.872,0.4820806614474783,6781.517302547754
2.876,0.473136981422268,6774.897062765527
2.88,0.46071687047236903,6779.766798722527
2.884,0.4515670712529846,6781.55221603101
2.888,0.45044137636505865,6772.55822261425
2.892,0.459291582261454,6774.95284065916
2.896,0.4771859385805049,6775.047886715821
2.9,0.5007521677227437,6779.715938059667
2.904,0.525018222861403,6777.327733731506
2.908,0.5445696910998497,6770.802124331126
2.912,0.5548539192229179,6778.362985663709
2.916,0.5533071278461478,6776.88203551388
2.92,0.5399375889317243,6773.7029287518
2.924,0.5171848751342554,6781.477410353282
2.928,0.4891974662729127,6780.243674551876
2.932,0.46088721668788624,6780.913945127915
2.936,0.4370789942412633,6773.746865179111
2.94,0.4218511403471093,6777.319301148642
2.944,0.4179878467812184,6769.07103594721
2.948,0.42651469163913214,6786.807517130944
2.952,0.44647626041407884,6776.140028316053
2.956,0.47514862414263515,6789.265179120499
2.96,0.5086224046915795,6782.27428330953
2.964,0.5423870305090481,6775.890264183897
2.968,0.5715763942469649,6784.526683515253
2.972,0.5909648508907019,6775.279782837443
2.976,0.5952349045410331,6776.324600630844
2.98,0.5800097721946931,6775.012611840959
2.984,0.5436035430382923,6778.354023155056
2.988,0.48876210835547185,6772.417543483735
2.992,0.4233245749175745,6784.65257069054
2.996,0.3590357003116404,6780.369283697211
3.0,0.30860260777110493,6785.699620892076
3.004,0.28199055330608785,6773.9636873986265
3.008,0.28334022002533304,6768.718420849065
3.012,0.30964857259032996,6772.982265409715
3.016,0.35172408444131653,6771.391187568815
3.02,0.3971362558494201,6783.620871258533
3.024,0.4341244626352297,6776.062821345195
3.028,0.4550229151046806,6775.509163685733
3.032,0.45798218862800627,6786.484909007595
3.036,0.44655909313722697,6783.627600219603
3.04,0.42766351048550405,6775.131929731872
3.044,0.4089106644649877,6787.676734123767
3.048,0.396417889730157,6777.98550158111
3.052,0.39362413723687056,6772.258034997984
3.056,0.40112746794391835,6778.144399912564
3.06,0.41715397191316184,6778.842533004228
3.064,0.4382309022554567,6780.744506614658
3.068,0.45987210134279777,6780.66015015486
3.072,0.4773600975753986,6793.332730975373
3.076,0.4867413009694348,6793.528035294373
3.08,0.48589946342738993,6788.157440888607
3.084,0.47533914947684686,6782.238954993239
3.088,0.45834608150315537,6780.9356597726655
3.092,0.4403984846053312,6783.234256034321
3.096,0.4278943330102726,6769.52882402219
3.1,0.42642841812858695,6782.938484273301
3.104,0.43904484076840883,6779.215444859941
3.108,0.4650231015148611,6780.016373735575
3.112,0.49968935659344227,6778.385570792296
3.116,0.5354352436279322,6781.610592782498
3.12,0.5636967293690032,6777.614468805118
3.124,0.5772954632665104,6779.75302471577
3.128,0.5724120253621227,6778.15679295406
3.132,0.5495883700045073,6782.6182683319785
3.136,0.5135079726426118,6787.007810661589
3.14,0.47171623838016263,6779.506195776018
3.144,0.43271487424177335,6774.739198746311
3.148,0.403931626413389,6775.317842136864
3.152,0.39002643281841326,6775.676425131887
3.156,0.39192868022152194,6781.483909491721
3.16,0.4068883507511013,6778.570309560228
3.164,0.42958108762306596,6786.624886548114
3.168,0.4539115091621667,6787.891099138589
3.172,0.47481573501301577,6781.903216757472
3.176,0.48938557106755753,6783.7275880491325
3.18,0.49703886144300624,6772.643238709589
3.184,0.49889617513304146,6773.096175045384
3.188,0.4967263641105016,6782.684166783777
3.192,0.49186589337107517,6777.615788284983
3.196,0.4845219001634787,6777.670129700305
3.2,0.4737430495327354,6782.451301969659
3.204,0.45802354834064224,6780.91871515227
3.208,0.43622310849525664,6778.077390418216
3.212,0.4084521181675897,6783.657091133357
3.216,0.37664997706569087,6781.815638620175
3.22,0.3445934475713834,6778.12155230894
3.224,0.3171451050274455,6786.27749771908
3.228,0.2988631378208747,6776.503138890261
3.232,0.2924824487870254,6787.002893356817
3.236,0.2979236057297614,6775.013123085542
3.24,0.31227268265432934,6776.245274076029
3.244,0.3307374837433001,6783.041122460828
3.248,0.348159056833213,6780.502879933103
3.252,0.36044237668239815,6782.040781104908
3.256,0.3653556740092675,6778.8559599861
3.26,0.3624825834226326,6785.632355999775
3.264,0.35252913667236524,6783.389086684178
3.268,0.33647909941942655,6784.199135434058
3.272,0.31510200773435004,6777.394535127423
3.276,0.28905088787185396,6787.624341559158
3.28,0.25942068620295533,6783.988132964838
3.2840000000000003,0.22839744890607228,6787.087486642586
3.2880000000000003,0.19960931323142547,6777.410083947146
3.2920000000000003,0.177938009272721,6782.511460899847
3.2960000000000003,0.16874978009478253,6779.522629012674
3.3000000000000003,0.17667217874330876,6780.167165245634
3.3040000000000003,0.20415359740871203,6774.614747838138
3.3080000000000003,0.2501190006532026,6785.845251711577
3.3120000000000003,0.30912142936460324,6783.961503398868
3.3160000000000003,0.37147825939728923,6770.7596419812335
3.3200000000000003,0.42481819546262245,6785.156112515434
3.3240000000000003,0.4570315611153512,6782.111587605529
3.3280000000000003,0.45987052642534837,6782.353878645692
3.332,0.4318606479099923,6785.71482095262
3.336,0.3792635181113446,6779.966611518067
3.34,0.31461308399474813,6783.767251582406
3.344,0.25337126979457963,6783.233768376408
3.348,0.2099313411354279,6777.073794446669
3.352,0.1942577671056481,6783.469474369691
3.356,0.21001343087900357,6783.179444751737
3.36,0.2544105258130182,6774.935606497217
3.364,0.3195033100925038,6780.202639434109
3.368,0.39435699583130485,6783.557725003331
3.372,0.4674877181751531,6789.789970719235
3.376,0.5290789090919588,6775.742676870936
3.38,0.5726112512738001,6776.090130838394
3.384,0.5956454120971526,6793.101506000116
3.388,0.5996295518674302,6779.825654993125
3.392,0.5888316198580986,6780.660530001335
3.396,0.5687590832866697,6790.427948831879
3.4,0.5445824240703308,6782.020859222453
3.404,0.5200549725984067,6783.851936527533
3.408,0.49724660914404983,6782.712141155053
3.412,0.47709646215063817,6790.120121144238
3.416,0.46039196108083286,6779.666682091664
3.42,0.44853757104285125,6785.344317954403
3.424,0.4436490011471017,6787.162087852938
3.428,0.4480004269548202,6779.756858498319
3.432,0.4632315827967855,6784.932458727133
3.436,0.48971660793577937,6782.829400384396
3.44,0.5262584026114236,6784.59597371446
3.444,0.5700902644110317,6788.0993087871975
3.448,0.6171295227023003,6780.358007860817
3.452,0.6624434487512452,6786.3990055636295
3.456,0.7008747971837259,6781.520227406434
3.46,0.7277400807089015,6779.806187637523
3.464,0.7394961478327043,6781.059350170382
3.468,0.7342728786116981,6772.165784218646
3.472,0.7121781006969914,6779.04191676926
3.476,0.675312659816088,6778.127117922066
3.48,0.6275016796789676,6783.730383802431
3.484,0.5737991781654992,6780.039745382604
3.488,0.519807284186387,6782.043012347594
3.492,0.4708369374823745,6779.778896632677
3.496,0.43102650009620863,6786.049414645867
3.5,0.4026716258814242,6791.134560770307
3.504,0.3860356616169596,6783.9939843510665
3.508,0.3797424327953473,6796.9344116371
3.512,0.3815930073337034,6775.463298348069
3.516,0.3894471148315697,6784.957963272911
3.52,0.40180433008988015,6788.23493506305
3.524,0.41791780186762,6787.746988006928
3.528,0.4375173429462896,6785.343258740995
3.532,0.4603459083664553,6784.788919276229
3.536,0.4856925763444356,6778.642199710792
3.54,0.5120197969171789,6774.779347425587
3.544,0.5367591364486656,6781.650312329541
3.548,0.5564204653571064,6786.154966788458
3.552,0.5671670487968264,6775.606260942047
3.556,0.5658081309298367,6778.040528459434
3.56,0.5508844023991675,6776.943073569333
3.564,0.5234335628358345,6781.820291201945
3.568,0.48716439146277163,6779.6432318961
3.572,0.4479585699308874,6780.018211436642
3.576,0.41274487275068983,6779.414428788941
3.58,0.387900570557706,6779.897144784113
3.584,0.3775047941302746,6778.808089606288
3.588,0.3819709328797518,6787.903175448194
3.592,0.3976523122919111,6790.603362522032
3.596,0.41775313665771874,6775.422064392838
3.6,0.4343450802357957,6791.045375264112
3.604,0.44082125192957894,6774.381220433497
3.608,0.43393561003016906,6772.591362091443
3.612,0.41466145641911706,6785.472320875945
3.616,0.387472896954991,6787.996092477836
3.62,0.35832808967911445,6786.833280348037
3.624,0.3322973736535771,6779.423152090318
3.628,0.31190555654546354,6778.151721771898
3.632,0.29673213211227045,6784.520941247059
3.636,0.28412190530546255,6778.747319464419
3.64,0.27048977703697075,6784.402557304445
3.644,0.2526887926786089,6782.148296041306
3.648,0.22907242532424085,6776.221230712399
3.652,0.20011202079235552,6780.207765895734
3.656,0.16859393580493232,6775.548421090013
3.66,0.13939475085527533,6776.045459031095
3.664,0.11873032604803027,6782.520101692777
3.668,0.11283591671554156,6787.070574256721
3.672,0.12629683350863355,6786.414626098444
3.676,0.1605271111591089,6781.661061513783
3.68,0.2129909098261609,6781.4543932792585
3.684,0.2775608587987409,6780.441593175423
3.688,0.34593703183916485,6779.529273678631
3.692,0.40957758870141403,6776.6795954031
3.696,0.46146463399094784,6780.844976385015
3.7,0.4972957374118512,6776.742088537054
3.704,0.5160287334148765,6789.66873711242
3.708,0.5198297709346854,6781.908470666802
3.712,0.5134538328947047,6779.989015881953
3.716,0.5031169569047101,6773.745009840101
3.72,0.4950154047973095,6785.241934867783
3.724,0.4937617954280103,6771.679065963219
3.728,0.5011493252399488,6778.4291370852825
3.732,0.5157143451137228,6786.798087677446
3.736,0.5333340339063434,6775.897769786277
3.74,0.5485994115520989,6782.218271017135
3.744,0.5563238756076404,6788.339479286446
3.748,0.552630179734894,6796.736244771114
3.752,0.5355083522167942,6782.820133037852
3.756,0.5051037550800471,6782.2407769811725
3.76,0.4639653916700944,6782.261727174863
3.764,0.41717388257290217,6778.848131200899
3.768,0.3720159786419533,6776.565338686409
3.772,0.33690937901245,6778.7692794353625
3.776,0.3196107112677161,6784.206776074499
3.78,0.3251620907704852,6784.309745488831
3.784,0.3542657614625555,6781.499049350516
3.788,0.40268919611146065,6774.966349112083
3.792,0.4620006023723399,6781.671935396775
3.796,0.5215463331047184,6783.633770569807
3.8,0.5711399108203655,6783.713523039357
3.804,0.6035784932754936,6786.306148184813
3.808,0.616125610037946,6787.413556475728
3.812,0.6105730883482424,6781.841345337711
3.816,0.5920934489166019,6792.160388621998
3.82,0.5674308827257336,6782.670953063884
3.824,0.5430009950431919,6776.106130282639
3.828,0.523381361694323,6784.926185082975
3.832,0.5105702877491307,6781.974968123358
3.836,0.5041532207253836,6783.235900807466
3.84,0.502127499529192,6788.974034932968
3.844,0.5018674090072085,6794.565210750039
3.848,0.500805042285397,6785.53907747287
3.852,0.4967295994048453,6787.198647290077
3.856,0.4878692065198663,6782.000750098789
3.86,0.47299877176435007,6782.1609735120455
3.864,0.45173099238166703,6784.433896435872
3.868,0.42493089232381526,6786.26895895847
3.872,0.3950116391449534,6787.551164896645
3.876,0.3658865332755746,6786.852197595835
3.88,0.3424721248891399,6780.291949929703
3.884,0.3297222051926654,6784.220807512054
3.888,0.33132396938213704,6786.780480822132
3.892,0.34846906692093466,6779.21902942157
3.896,0.37928389739103585,6783.555107079998
3.9,0.41929042704934477,6781.889630512822
3.904,0.46271739964927244,6780.900442783604
3.908,0.5039744682732503,6787.683491159219
3.912,0.538557716090436,6775.132267992564
3.916,0.5631514301255559,6788.852052417569
3.92,0.5753332422839128,6784.32044304323
3.924,0.5735271525678678,6788.336604966452
3.928,0.5574922813435675,6780.849367098725
3.932,0.5290252873398603,6790.513826303055
3.936,0.49222565124270007,6791.462144621872
3.94,0.45291553370155957,6783.825464594271
3.944,0.41742853885437037,6775.8634823784405
3.948,0.3914205910991683,6788.901234703821
3.952,0.3792058828984002,6779.791375529976
3.956,0.38358419293167484,6784.820939700027
3.96,0.40576037489274563,6782.198948578932
3.964,0.4450539148112717,6782.501036425025
3.968,0.49848394875936214,6786.877975786814
3.972,0.560630737058724,6787.6995374706685
3.976,0.6241512067737237,6779.994257063389
3.98,0.6809663127747437,6780.013210365404
3.984,0.7237470459517427,6790.037051140154
3.988,0.747219575779946,6777.457487859629
3.992,0.7489695068894565,6787.901820551522
3.996,0.7296099798620601,6785.087783537417
4.0,0.6922985351407887,6776.970414374704
4.004,0.6417476380347826,6791.35731783972
4.008,0.5830799535548211,6787.691373120165
4.0120000000000005,0.5209440208301552,6781.01113492071
4.016,0.4591378960577964,6787.414586738542
4.0200000000000005,0.40075225849273677,6787.549803036136
4.024,0.3486707940277895,6779.0223344692085
4.0280000000000005,0.30609046906387055,6776.047790974467
4.032,0.2765938269960143,6778.433637362833
4.0360000000000005,0.26347000811465726,6780.545546948189
4.04,0.26847466756540467,6779.154435090039
4.0440000000000005,0.290662537200578,6772.142525148585
4.048,0.32594183499033136,6784.132734362625
4.0520000000000005,0.36762547627158726,6779.9622947109165
4.056,0.40782795963329754,6784.625206964269
4.0600000000000005,0.4393191311067474,6783.489268602077
4.064,0.4573773755785376,6784.556083098316
4.0680000000000005,0.46115733289102634,6788.815654313336
4.072,0.4540743773137468,6789.750136549744
4.0760000000000005,0.44285369630475035,6778.807574089824
4.08,0.4353369744679684,6772.288546632438
4.0840000000000005,0.4377473228670303,6779.312257417108
4.088,0.452487937512375,6784.680921203721
4.0920000000000005,0.477390851720137,6776.465328593522
4.096,0.5066822793770126,6781.67749629332
4.1,0.5331340048233117,6790.260573486934
4.104,0.5503822651285873,6780.295607145059
4.108,0.5545193223489363,6785.168950279912
4.112,0.5446757506311977,6779.178640339695
4.116,0.5228878796341747,6780.202694321357
4.12,0.4936280264275223,6780.38630004166
4.124,0.4630462498021331,6782.291557952348
4.128,0.43773210800603024,6791.810384018677
4.132,0.42301118453591807,6779.826416902703
4.136,0.4212955879650454,6781.223620569214
4.14,0.4313030795197161,6783.683267402907
4.144,0.44866556739174196,6779.241232171626
4.148,0.4677018273815932,6780.870817305242
4.152,0.48348500633901914,6776.331282441226
4.156,0.4932523060207334,6789.122506538197
4.16,0.4966710274480283,6773.427381561198
4.164,0.4951126764438484,6776.283016321577
4.168,0.4904988703110401,6780.250509253748
4.172,0.48430173421797207,6783.999893914865
4.176,0.47703584149160305,6779.165646811886
4.18,0.46831642688384323,6791.590519303524
4.184,0.45736025977963873,6781.9633823182885
4.188,0.4436440250601342,6789.548909829448
4.192,0.42738592363198386,6781.102532442561
4.196,0.4096243653618482,6786.720976943559
4.2,0.39185213332146673,6776.91678514631
4.204,0.3753827202185607,6787.303809424888
4.208,0.36081350060084916,6776.405413074084
4.212,0.34792415756126,6783.376339897063
4.216,0.3360694270729189,6781.814385404827
4.22,0.32481924696779163,6787.768529695339
4.224,0.3144610720024774,6781.808629530807
4.228,0.30602706610042957,6781.648453551797
4.232,0.3007391997924333,6776.788271498888
4.236,0.29913458287320255,6789.743298916829
4.24,0.30041928173178223,6786.336274372292
4.244,0.30254590281309823,6781.680384608401
4.248,0.3031031334935647,6786.960933524142
4.252,0.3006010067837644,6779.517448143337
4.256,0.29547123662439895,6781.082385353465
4.26,0.2902342638784189,6781.063598277571
4.264,0.28868028159045067,6777.285993850328
4.268,0.29434380592427195,6787.236130525066
4.272,0.308879776176925,6786.609032316883
4.276,0.3310359216136789,6774.154870794577
4.28,0.3566563813077952,6778.797994137204
4.284,0.379698838304462,6788.275258008641
4.288,0.39390038976449304,6778.520559553187
4.292,0.39457929684894033,6786.676946205365
4.296,0.3800422015070476,6790.442607133142
4.3,0.35217830415907514,6789.01585402278
4.304,0.3160576839098245,6782.630000411173
4.308,0.2786210218586344,6786.579684812978
4.312,0.246809331250379,6781.797564369421
4.316,0.2257189842228004,6780.744589320746
4.32,0.21743382708640152,6780.638900187064
4.324,0.22092508078710382,6775.628409782981
4.328,0.23291778934908813,6782.271808591204
4.332,0.24920971091550145,6782.859891393531
4.336,0.26583656638482833,6794.241018598132
4.34,0.2797142816274168,6781.489925042208
4.344,0.2887666323684014,6784.254578399959
4.348,0.2918321321626491,6776.507344795069
4.352,0.2886947561432952,6781.431502533611
4.356,0.2803936104978272,6790.28924564182
4.36,0.2696575185264703,6780.281441628751
4.364,0.2610783905822891,6781.558148345157
4.368,0.2606325373082481,6787.16807293118
4.372,0.2743867809006559,6779.601662110429
4.376,0.306595600878133,6768.737264326819
4.38,0.3577894843114531,6788.040262670706
4.384,0.423688618472444,6776.942513640369
4.388,0.49563403267752737,6786.628130428142
4.392,0.5626683362764309,6781.129174487457
4.396,0.6146626147598382,6784.699035341129
4.4,0.6453483438353342,6782.76971137483
4.404,0.6540478456129101,6777.429269998626
4.408,0.6453745879283571,6786.509567561115
4.412,0.6270349499625942,6784.962938242616
4.416,0.6067077442792026,6784.774219104898
4.42,0.5893398655238022,6789.817535773251
4.424,0.5758902272291654,6781.499677613395
4.428,0.5638217230735705,6785.571882818693
4.432,0.5488941497368086,6787.482404742963
4.436,0.5273498722978104,6783.038655455662
4.44,0.4975651660319345,6780.335673200743
4.444,0.46064316553642654,6781.69865156705
4.448,0.41997374811972865,6771.615839973255
4.452,0.3801429716961894,6782.54256802943
4.456,0.3456435729673887,6783.614822485337
4.46,0.3197453936357209,6786.535728968468
4.464,0.3037614267608381,6775.426407052484
4.468,0.2968538788858815,6780.320351441936
4.472,0.29646448773351436,6783.751584234512
4.476,0.29933498607554576,6780.157556079945
4.48,0.30283775515917893,6771.128212431806
4.484,0.30609359892165283,6778.092057517463
4.488,0.3103483542243171,6793.018707789837
4.492,0.3183758065583542,6784.6691967169945
4.496,0.3331172937428149,6778.154754736383
4.5,0.356143316526011,6781.82979764427
4.504,0.3866396679557386,6777.291324041325
4.508,0.42137140062786543,6785.998852456656
4.5120000000000005,0.4555531834591511,6790.05512543686
4.516,0.48407433547666634,6779.507947943452
4.5200000000000005,0.5024383446403397,6778.418027164002
4.524,0.507150568928495,6783.675469052102
4.5280000000000005,0.49580765645967656,6784.295363409521
4.532,0.4673603608325817,6783.448140328299
4.5360000000000005,0.4227766054404635,6781.235608243015
4.54,0.3658675836935869,6780.522689821351
4.5440000000000005,0.30371629751149976,6776.018868848275
4.548,0.2461521120582815,6784.35704481416
4.5520000000000005,0.20403296934909834,6783.711521751907
4.556,0.18660268372415503,6782.85408853755
4.5600000000000005,0.19870070357632316,6785.12146943144
4.564,0.23888038477130535,6777.745625752579
4.5680000000000005,0.29930248547786703,6770.69667881993
4.572,0.367595056900281,6789.476783625742
4.5760000000000005,0.43005576996383327,6786.584884554472
4.58,0.4750761371883931,6770.766767111389
4.5840000000000005,0.4956924228062937,6781.596670598389
4.588,0.49061781068801014,6789.65662910155
4.5920000000000005,0.46373785966093795,6779.484173205544
4.596,0.4225593972550376,6783.451283892413
4.6000000000000005,0.3762667857270841,6785.451391212285
4.604,0.33387343331129343,6786.016336451883
4.6080000000000005,0.30269019418183596,6792.284421269602
4.612,0.2871787334619485,6778.672778684507
4.616,0.2882645528139531,6776.601466376585
4.62,0.3032562692556587,6796.201189603406
4.624,0.3265101507243549,6788.04225792335
4.628,0.35082123731369275,6791.122355437551
4.632,0.3692720401384842,6785.955296077089
4.636,0.3770612281512292,6788.321361163612
4.64,0.37280645758329467,6791.235373516781
4.644,0.3589808341508292,6779.144673354224
4.648,0.34134880032688036,6776.888489696698
4.652,0.32744443216295077,6793.2205682644135
4.656,0.3244118757317184,6780.208319483911
4.66,0.3368842626501648,6784.516750181698
4.664,0.3656724412699191,6778.743093502041
4.668,0.4076611960964197,6779.955541628486
4.672,0.4567540327518195,6783.757733412263
4.676,0.5053830409827476,6785.619180499883
4.68,0.5460898937031112,6779.077124648
4.684,0.572846307076146,6781.734262466942
4.688,0.5820013170870041,6782.140374088746
4.692,0.5728777949436531,6786.279898815949
4.696,0.5479809941619234,6784.159166160258
4.7,0.5126719917629226,6776.620522440992
4.704,0.4742278785195545,6786.397507632071
4.708,0.4404194369242809,6789.429530001786
4.712,0.4179101409426958,6787.071337193183
4.716,0.4108774112654263,6778.276638153085
4.72,0.42025230519205053,6779.918784167032
4.724,0.44377917663257155,6782.737061198603
4.728,0.4767910846101111,6786.242081682189
4.732,0.5133964490634102,6787.375007733511
4.736,0.5477138768945342,6783.118950439526
4.74,0.5747867294111393,6775.199035507906
4.744,0.590938922015929,6778.008194204847
4.748,0.5936921001735492,6779.3800750392775
4.752,0.5817108316981106,6782.068757794791
4.756,0.5551854100378271,6789.596017758719
4.76,0.5165550978811371,6786.868008856237
4.764,0.47094298141388813,6778.439029681174
4.768,0.4256328455508697,6786.881681698351
4.772,0.38847235085768633,6780.498563924967
4.776,0.36580608033520634,6776.492580364029
4.78,0.36086563376866027,6788.149007756181
4.784,0.3732569270420262,6786.80770977847
4.788,0.3995424497456533,6786.2574806342045
4.792,0.43440973593775534,6785.392014680506
4.796,0.47186552950907845,6778.728668736752
4.8,0.5061830880008724,6788.633851378711
4.804,0.5325906078561916,6773.0122116767
4.808,0.547729374785201,6784.0154588481
4.812,0.5498612843660925,6785.682848412645
4.816,0.5388395589408262,6778.680566448681
4.82,0.5159307445833046,6789.861944863167
4.824,0.4835761628135385,6790.988311734971
4.828,0.4451369830244478,6787.3756711906535
4.832,0.40465011392202827,6778.772953798625
4.836,0.3666091998127207,6778.396170383162
4.84,0.33574372953783777,6783.345894533577
4.844,0.3167122712831652,6785.965896455216
4.848,0.31357816912927694,6772.618432084447
4.852,0.32897298993580504,6785.603089710401
4.856,0.3630660552868144,6786.940055238366
4.86,0.4127745723272194,6783.406916521289
4.864,0.4717887486556794,6784.463796572969
4.868,0.5317157738706009,6795.569334593221
4.872,0.5840732923787654,6779.04062424008
4.876,0.6223963267438352,6776.847518087445
4.88,0.6436848881438632,6784.989009080031
4.884,0.6487609706632662,6787.92872648616
4.888,0.6415172744265971,6789.898374631587
4.892,0.6273287389485125,6787.067614791801
4.896,0.6111333866341517,6775.236998631679
4.9,0.5959129845979535,6787.6507639332285
4.904,0.5822409727372174,6785.120845845765
4.908,0.5689791760185964,6786.380493251549
4.912,0.5544670095759158,6786.286011713612
4.916,0.5373777717322505,6770.017848585977
4.92,0.5169636416860979,6785.118382900413
4.924,0.49301518417111667,6773.843224397893
4.928,0.46590872471810657,6782.537875499586
4.932,0.43672810107227306,6779.238795473491
4.936,0.40717407096360836,6769.35422924625
4.94,0.3791108758783809,6786.584448338333
4.944,0.3539607804781385,6782.6713559342525
4.948,0.33235718445964363,6779.143539651842
4.952,0.31430435726342365,6782.843015824071
4.956,0.29971270238947995,6778.946151130285
4.96,0.28892139649962256,6781.260854690669
4.964,0.2828810004682014,6789.071938264648
4.968,0.28291560354109435,6783.143308329541
4.972,0.2901796007935941,6781.532527910108
4.976,0.3050370826208927,6788.058382384929
4.98,0.3266903488514604,6770.115789665384
4.984,0.35334600428940033,6779.825840300069
4.988,0.3828833874744548,6781.354215642024
4.992,0.41359629895767547,6789.269342503882
4.996,0.44452712624145096,6779.419701191002
